index	rawcode	variation	x	y	z	angle_rad	scale_x	scale_y	scale_z	flags	life	item_table_pointer	item_set_count	editor_id
0	VOfl	0	1152.0	-2272.0	0.0	1.570796	1.2	1.2	1.2	2	255	-1	0	0
1	VOfl	0	1408.0	-2272.0	3.125	1.570796	1.2	1.2	1.2	2	255	-1	0	1
2	VOfl	0	1664.0	-2272.0	3.125	1.570796	1.2	1.2	1.2	2	255	-1	0	2
3	VOfl	0	1920.0	-2272.0	0.0	1.570796	1.2	1.2	1.2	2	255	-1	0	3
4	VOfl	0	2176.0	-2272.0	0.0	1.570796	1.2	1.2	1.2	2	255	-1	0	4
5	VOfl	0	2432.0	-2272.0	0.0	1.570796	1.2	1.2	1.2	2	255	-1	0	5
6	VOfl	0	2688.0	-2272.0	0.0	1.570796	1.2	1.2	1.2	2	255	-1	0	6
7	VOfl	0	2944.0	-2272.0	0.0	1.570796	1.2	1.2	1.2	2	255	-1	0	7
8	VOfl	0	2688.0	-4320.0	0.0	1.570796	1.2	1.2	1.2	2	255	-1	0	25
9	VOfl	0	2432.0	-4320.0	0.0	1.570796	1.2	1.2	1.2	2	255	-1	0	24
10	VOfl	0	992.0	-2432.0	0.0	3.141593	1.2	1.2	1.2	2	255	-1	0	10
11	VOfl	0	992.0	-2688.0	0.0	3.141593	1.2	1.2	1.2	2	255	-1	0	11
12	VOfl	0	992.0	-2944.0	0.0	3.141593	1.2	1.2	1.2	2	255	-1	0	12
13	VOfl	0	3104.0	-2944.0	0.0	3.141593	1.2	1.2	1.2	2	255	-1	0	17
14	VOfl	0	3104.0	-3904.0	0.0	3.141593	1.2	1.2	1.2	2	255	-1	0	29
15	VOfl	0	992.0	-3904.0	0.0	3.141593	1.2	1.2	1.2	2	255	-1	0	15
16	VOfl	0	992.0	-4160.0	0.0	3.141593	1.2	1.2	1.2	2	255	-1	0	16
17	VOfl	0	2944.0	-4320.0	0.0	1.570796	1.2	1.2	1.2	2	255	-1	0	26
18	VOfl	0	3104.0	-4160.0	0.0	3.141593	1.2	1.2	1.2	2	255	-1	0	30
19	VOfl	0	1152.0	-4320.0	0.0	1.570796	1.2	1.2	1.2	2	255	-1	0	19
20	VOfl	0	1408.0	-4320.0	0.0	1.570796	1.2	1.2	1.2	2	255	-1	0	20
21	VOfl	0	1664.0	-4320.0	0.0	1.570796	1.2	1.2	1.2	2	255	-1	0	21
22	VOfl	0	1920.0	-4320.0	0.0	1.570796	1.2	1.2	1.2	2	255	-1	0	22
23	VOfl	0	2176.0	-4320.0	0.0	1.570796	1.2	1.2	1.2	2	255	-1	0	23
24	VOfl	0	3104.0	-2432.0	0.0	3.141593	1.2	1.2	1.2	2	255	-1	0	8
25	VOfl	0	3104.0	-2688.0	0.0	3.141593	1.2	1.2	1.2	2	255	-1	0	9
26	VSvb	2	3008.0	-4096.0	0.0	2.251475	0.936	0.936	0.936	2	255	-1	0	37
27	VSvb	2	1344.0	-4224.0	0.0	1.919862	0.97	0.97	0.97	2	255	-1	0	34
28	VSvb	1	2880.0	-4224.0	0.0	0.523599	0.89	0.89	0.89	2	255	-1	0	36
29	VSvb	0	3008.0	-2368.0	0.0	3.577925	0.95	0.95	0.95	2	255	-1	0	27
30	VSvb	0	2816.0	-2368.0	0.0	5.305801	0.936	0.936	0.936	2	255	-1	0	28
31	VSvb	0	3008.0	-2496.0	0.0	3.926991	0.877	0.877	0.877	2	255	-1	0	31
32	LSba	0	1184.0	-2464.0	0.0	4.712389	1.012	1.012	1.012	2	255	-1	0	13
33	VSvb	1	3008.0	-4224.0	0.0	1.53589	0.853	0.853	0.853	2	255	-1	0	35
34	VSvb	2	1216.0	-4224.0	0.0	2.391101	0.872	0.872	0.872	2	255	-1	0	39
35	VSvb	2	1088.0	-4160.0	0.0	0.488692	0.989	0.989	0.989	2	255	-1	0	32
36	VSvb	1	1088.0	-4032.0	0.0	1.989676	0.941	0.941	0.941	2	255	-1	0	33
37	LObz	0	928.0	-3744.0	0.0	5.201082	0.931	0.931	0.931	2	255	-1	0	14
38	LObz	0	928.0	-3040.0	0.0	0.855211	0.81	0.81	0.81	2	255	-1	0	18
39	LObz	0	3168.0	-3040.0	0.0	4.031711	0.923	0.923	0.923	2	255	-1	0	38
40	LObz	0	3168.0	-3744.0	0.0	0.715585	1.153	1.153	1.153	2	255	-1	0	40
41	LOtr	0	1408.0	-2400.0	0.0	1.570796	0.868	0.868	0.868	2	255	-1	0	41
42	DOtp	0	2624.0	-2368.0	0.0	5.270895	0.992	0.992	0.992	2	255	-1	0	42
43	DOtp	1	2496.0	-2432.0	0.0	5.340708	0.924	0.924	0.924	2	255	-1	0	43
44	DOtp	1	2368.0	-2368.0	0.0	1.623156	0.815	0.815	0.815	2	255	-1	0	44
45	DOtp	1	2624.0	-2496.0	0.0	5.131269	1.145	1.145	1.145	2	255	-1	0	45
46	DOtp	1	2368.0	-2496.0	0.0	4.991642	1.038	1.038	1.038	2	255	-1	0	46
47	LOch	0	1504.0	-4160.0	0.0	3.141593	0.997	0.997	0.997	2	255	-1	0	47
48	LOhc	0	1545.904	-4224.785	0.0	1.396264	1.136	1.136	1.136	2	255	-1	0	48
49	LOhc	0	1590.804	-4147.883	0.0	3.752458	1.173	1.173	1.173	2	255	-1	0	49
50	LOhc	0	1454.401	-4073.452	0.0	3.473206	1.195	1.195	1.195	2	255	-1	0	50
51	LOhc	0	1448.557	-4178.23	0.0	4.29351	1.152	1.152	1.152	2	255	-1	0	51
52	LOhc	0	1583.231	-4087.222	0.0	4.991642	0.974	0.974	0.974	2	255	-1	0	52
53	LOhc	0	1677.447	-4231.639	0.0	6.108653	1.026	1.026	1.026	2	255	-1	0	53
54	LOhc	0	1781.933	-4211.017	0.0	0.541052	1.001	1.001	1.001	2	255	-1	0	54
55	LOhc	0	1700.394	-4161.093	0.0	3.874631	1.136	1.136	1.136	2	255	-1	0	55
56	LOhc	0	1590.334	-4209.849	0.0	6.265733	0.976	0.976	0.976	2	255	-1	0	56
57	LOhb	3	1792.0	-4160.0	0.0	1.972222	1.058	1.058	1.058	2	255	-1	0	57
58	LOlp	1	2912.0	-2720.0	0.0	3.83442	1.148	1.148	1.148	2	255	-1	0	58
59	LOlp	1	2848.0	-3872.0	0.0	5.876052	1.148	1.148	1.148	2	255	-1	0	59
60	LOlp	1	1120.0	-3872.0	0.0	0.682184	1.148	1.148	1.148	2	255	-1	0	60
61	LOlp	1	1184.0	-2784.0	0.0	1.946747	1.148	1.148	1.148	2	255	-1	0	61
62	LOwp	0	2272.0	-2336.0	0.0	1.711109	1.277	1.277	1.277	2	255	-1	0	62
63	LOh1	0	1056.0	-3104.0	0.0	4.627614	0.994	0.994	0.994	2	255	-1	0	63
64	LOh1	0	3040.0	-3744.0	0.0	4.627614	0.994	0.994	0.994	2	255	-1	0	64
65	YTpb	0	1568.0	-4192.0	0.0	4.712389	1.0	1.0	1.0	2	100	-1	0	1482
66	BTtw	0	2688.0	2752.0	0.0	4.712389	1.018	1.018	1.018	2	100	-1	0	640
67	YTpb	0	1504.0	-2336.0	7.031	4.712389	1.0	1.0	1.0	2	100	-1	0	1690
68	BTtw	0	2560.0	2880.0	0.0	4.712389	1.018	1.018	1.018	2	100	-1	0	637
69	APms	3	7159.247	573.033	0.0	0.872665	1.082	1.082	1.082	2	255	-1	0	1660
70	YTpb	0	1632.0	-4192.0	0.0	4.712389	1.0	1.0	1.0	2	100	-1	0	1481
71	APms	3	7106.039	-1326.174	0.0	2.932153	0.962	0.962	0.962	2	255	-1	0	1657
72	ZPfw	4	4949.881	2739.089	0.0	3.089233	0.911	0.911	0.911	2	255	-1	0	2022
73	BTtw	0	2688.0	2880.0	0.0	4.712389	1.018	1.018	1.018	2	100	-1	0	636
74	BTtw	0	7552.0	640.0	0.0	4.712389	1.018	1.018	1.018	2	100	-1	0	878
75	YTpb	0	3040.0	-4000.0	0.0	4.712389	1.0	1.0	1.0	2	100	-1	0	886
76	APms	3	7113.983	-1716.823	0.0	5.846853	1.118	1.118	1.118	2	255	-1	0	1654
77	BTtw	6	1152.0	3008.0	0.0	4.712389	1.018	1.018	1.018	2	100	-1	0	590
78	BTtw	6	2304.0	3008.0	0.0	4.712389	1.018	1.018	1.018	2	100	-1	0	635
79	BTtw	0	7552.0	768.0	0.0	4.712389	1.018	1.018	1.018	2	100	-1	0	890
80	APms	3	7062.916	-3104.822	0.0	0.645772	1.163	1.163	1.163	2	255	-1	0	1636
81	BTtw	0	7040.0	2496.0	0.0	4.712389	1.082	1.082	1.082	2	100	-1	0	929
82	APms	0	7086.445	-3442.835	0.0	2.792527	0.819	0.819	0.819	2	255	-1	0	1635
83	BTtw	9	2176.0	3008.0	0.0	4.712389	1.018	1.018	1.018	2	100	-1	0	632
84	BTtw	0	7552.0	896.0	0.0	4.712389	1.018	1.018	1.018	2	100	-1	0	892
85	NObt	0	-2094.255	2951.619	0.0	2.216568	0.918	0.918	0.918	2	255	-1	0	444
86	BTtw	0	-3008.0	-5824.0	0.0	4.712389	0.984	0.984	0.984	2	100	-1	0	1647
87	BTtw	0	7296.0	-1344.0	0.0	4.712389	1.018	1.018	1.018	2	100	-1	0	1011
88	BTtw	0	2432.0	3008.0	0.0	4.712389	1.018	1.018	1.018	2	100	-1	0	631
89	APbs	0	7328.0	1184.0	0.0	5.497787	1.067	1.067	1.067	2	255	-1	0	1865
90	YTpb	0	2528.0	-4256.0	0.0	4.712389	1.0	1.0	1.0	2	100	-1	0	1696
91	YTpb	0	2400.0	-4256.0	0.0	4.712389	1.0	1.0	1.0	2	100	-1	0	1695
92	YTpb	0	2336.0	-4256.0	0.0	4.712389	1.0	1.0	1.0	2	100	-1	0	1694
93	YTpb	0	2208.0	-4256.0	0.0	4.712389	1.0	1.0	1.0	2	100	-1	0	1693
94	YTpb	0	1312.0	-4128.0	0.0	4.712389	1.0	1.0	1.0	2	100	-1	0	1676
95	YTpb	0	2272.0	-4256.0	0.0	4.712389	1.0	1.0	1.0	2	100	-1	0	1692
96	YTpb	0	2144.0	-4256.0	0.0	4.712389	1.0	1.0	1.0	2	100	-1	0	1691
97	YTpb	0	2464.0	-4256.0	0.0	4.712389	1.0	1.0	1.0	2	100	-1	0	1700
98	YTpb	0	2080.0	-4256.0	0.0	4.712389	1.0	1.0	1.0	2	100	-1	0	1689
99	YTpb	0	1440.0	-4192.0	0.0	4.712389	1.0	1.0	1.0	2	100	-1	0	1675
100	YTpb	0	2016.0	-4256.0	0.0	4.712389	1.0	1.0	1.0	2	100	-1	0	1688
101	YTpb	0	1952.0	-4256.0	0.0	4.712389	1.0	1.0	1.0	2	100	-1	0	1687
102	YTpb	0	2592.0	-4256.0	0.0	4.712389	1.0	1.0	1.0	2	100	-1	0	1699
103	YTpb	0	1888.0	-4256.0	0.0	4.712389	1.0	1.0	1.0	2	100	-1	0	1685
104	YTpb	0	1440.0	-4256.0	0.0	4.712389	1.0	1.0	1.0	2	100	-1	0	1489
105	YTpb	0	1824.0	-4256.0	0.0	4.712389	1.0	1.0	1.0	2	100	-1	0	1677
106	YTpb	0	1056.0	-4256.0	0.0	4.712389	1.0	1.0	1.0	2	100	-1	0	1683
107	YTpb	0	1056.0	-3872.0	0.0	4.712389	1.0	1.0	1.0	2	100	-1	0	1682
108	YTpb	0	1056.0	-3936.0	0.0	4.712389	1.0	1.0	1.0	2	100	-1	0	1681
109	YTpb	0	1504.0	-4256.0	0.0	4.712389	1.0	1.0	1.0	2	100	-1	0	1488
110	YTpb	0	1184.0	-4064.0	0.0	4.712389	1.0	1.0	1.0	2	100	-1	0	1680
111	YTpb	0	1248.0	-4064.0	0.0	4.712389	1.0	1.0	1.0	2	100	-1	0	1679
112	YTpb	0	1312.0	-4064.0	0.0	4.712389	1.0	1.0	1.0	2	100	-1	0	1678
113	YTpb	0	1120.0	-4256.0	0.0	4.712389	1.0	1.0	1.0	2	100	-1	0	1684
114	YTpb	0	1568.0	-4256.0	0.0	4.712389	1.0	1.0	1.0	2	100	-1	0	1487
115	BTtw	0	7168.0	-1600.0	0.0	4.712389	1.018	1.018	1.018	2	100	-1	0	983
116	BTtw	9	7040.0	-1600.0	0.0	4.712389	1.018	1.018	1.018	2	100	-1	0	982
117	YTpb	0	2656.0	-4256.0	0.0	4.712389	1.0	1.0	1.0	2	100	-1	0	1697
118	YTpb	0	1440.0	-2336.0	2.344	4.712389	1.0	1.0	1.0	2	100	-1	0	1686
119	YTpb	0	2720.0	-4256.0	0.0	4.712389	1.0	1.0	1.0	2	100	-1	0	1698
120	BTtw	7	7168.0	-1088.0	0.0	4.712389	1.191	1.191	1.191	2	100	-1	0	981
121	BTtw	6	7168.0	-1216.0	0.0	4.712389	1.018	1.018	1.018	2	100	-1	0	980
122	APbs	0	7136.0	1248.0	0.0	2.6529	1.043	1.043	1.043	2	255	-1	0	1830
123	YTpb	0	1760.0	-4256.0	0.0	4.712389	1.0	1.0	1.0	2	100	-1	0	1480
124	YTpb	0	1440.0	-4064.0	0.0	4.712389	1.0	1.0	1.0	2	100	-1	0	1486
125	ZWfs	0	-2182.697	-7558.954	-88.991	2.687807	1.158	1.158	1.158	6	255	-1	0	443
126	ZWfs	0	-2218.888	-7635.819	-100.962	2.687807	1.158	1.158	1.158	6	255	-1	0	442
127	APbs	0	7328.0	1376.0	0.0	3.874631	0.958	0.958	0.958	2	255	-1	0	1829
128	YTpb	0	1632.0	-4128.0	0.0	4.712389	1.0	1.0	1.0	2	100	-1	0	889
129	YTpb	0	1440.0	-4128.0	0.0	4.712389	1.0	1.0	1.0	2	100	-1	0	1485
130	ZPfw	1	-3067.992	-2332.11	0.0	1.064651	1.07	1.07	1.07	2	255	-1	0	1939
131	BTtw	0	-1920.0	2752.0	0.0	4.712389	1.018	1.018	1.018	2	100	-1	0	406
132	APbs	0	7584.0	-6048.0	32.0	5.393067	1.076	1.076	1.076	2	255	-1	0	1828
133	YTpb	0	1696.0	-4192.0	0.0	4.712389	1.0	1.0	1.0	2	100	-1	0	888
134	YTpb	0	1632.0	-4256.0	0.0	4.712389	1.0	1.0	1.0	2	100	-1	0	1484
135	YTpb	0	1056.0	-2656.0	0.0	4.712389	1.0	1.0	1.0	2	100	-1	0	69
136	YTpb	0	1120.0	-2656.0	0.0	4.712389	1.0	1.0	1.0	2	100	-1	0	74
137	YTpb	0	2848.0	-4064.0	0.0	4.712389	1.0	1.0	1.0	2	100	-1	0	885
138	YTpb	0	3040.0	-3936.0	0.0	4.712389	1.0	1.0	1.0	2	100	-1	0	887
139	YTpb	0	1568.0	-4128.0	0.0	4.712389	1.0	1.0	1.0	2	100	-1	0	1483
140	BTtw	8	7040.0	-1216.0	0.0	4.712389	1.018	1.018	1.018	2	100	-1	0	978
141	BTtw	0	7296.0	-1216.0	0.0	4.712389	1.018	1.018	1.018	2	100	-1	0	977
142	BTtw	0	7296.0	-1088.0	0.0	4.712389	0.984	0.984	0.984	2	100	-1	0	976
143	BTtw	1	7296.0	-1600.0	0.0	4.712389	1.018	1.018	1.018	2	100	-1	0	975
144	BTtw	0	7168.0	-1728.0	0.0	4.712389	1.018	1.018	1.018	2	100	-1	0	973
145	BTtw	0	7168.0	-2112.0	0.0	4.712389	1.018	1.018	1.018	2	100	-1	0	972
146	BTtw	9	7040.0	-1984.0	0.0	4.712389	1.018	1.018	1.018	2	100	-1	0	971
147	BTtw	0	7296.0	-1984.0	0.0	4.712389	1.018	1.018	1.018	2	100	-1	0	970
148	BTtw	1	7296.0	-2112.0	0.0	4.712389	1.018	1.018	1.018	2	100	-1	0	969
149	BTtw	0	7040.0	-2112.0	0.0	4.712389	1.018	1.018	1.018	2	100	-1	0	968
150	YTpb	0	1056.0	-2592.0	0.0	4.712389	1.0	1.0	1.0	2	100	-1	0	79
151	APms	1	7028.546	-4618.811	0.0	5.270895	1.046	1.046	1.046	2	255	-1	0	1630
152	BTtw	0	-2048.0	2880.0	0.0	4.712389	1.018	1.018	1.018	2	100	-1	0	405
153	ZWfs	0	-1986.322	-7607.548	-103.022	2.687807	1.158	1.158	1.158	6	255	-1	0	441
154	APms	0	7133.858	-4358.216	0.0	0.855211	1.109	1.109	1.109	2	255	-1	0	1626
155	APms	2	7072.437	-5400.391	0.0	5.026548	1.119	1.119	1.119	2	255	-1	0	1621
156	BTtw	0	-2176.0	2880.0	0.0	4.712389	1.018	1.018	1.018	2	100	-1	0	402
157	BTtw	0	-1920.0	2880.0	0.0	4.712389	1.018	1.018	1.018	2	100	-1	0	401
158	APms	3	7128.597	-6506.082	0.0	1.27409	1.145	1.145	1.145	2	255	-1	0	1616
159	YTpb	0	1376.0	-2336.0	0.0	4.712389	1.0	1.0	1.0	2	100	-1	0	84
160	BTtw	9	1024.0	3008.0	0.0	4.712389	1.018	1.018	1.018	2	100	-1	0	587
161	BTtw	6	3712.0	2752.0	0.0	4.712389	1.018	1.018	1.018	2	100	-1	0	685
162	BTtw	0	1280.0	3008.0	0.0	4.712389	1.018	1.018	1.018	2	100	-1	0	586
163	BTtw	5	3584.0	2752.0	0.0	4.712389	1.018	1.018	1.018	2	100	-1	0	682
164	YTpb	0	2784.0	-4192.0	0.0	4.712389	1.0	1.0	1.0	2	100	-1	0	880
165	BTtw	0	7168.0	-1984.0	0.0	4.712389	1.018	1.018	1.018	2	100	-1	0	967
166	BTtw	0	7168.0	-1344.0	0.0	4.712389	1.018	1.018	1.018	2	100	-1	0	966
167	BTtw	0	7296.0	-1856.0	0.0	4.712389	1.018	1.018	1.018	2	100	-1	0	965
168	BTtw	4	7168.0	-2752.0	0.0	4.712389	1.018	1.018	1.018	2	100	-1	0	962
169	ATtc	2	7328.0	-3808.0	0.0	4.712389	0.975	0.975	0.975	2	100	-1	0	1113
170	BTtw	0	7296.0	-2752.0	0.0	4.712389	1.018	1.018	1.018	2	100	-1	0	958
171	BTtw	8	7168.0	-2624.0	0.0	4.712389	1.018	1.018	1.018	2	100	-1	0	957
172	BTtw	0	7040.0	-2624.0	0.0	4.712389	1.018	1.018	1.018	2	100	-1	0	956
173	BTtw	0	7296.0	-2624.0	0.0	4.712389	1.018	1.018	1.018	2	100	-1	0	953
174	BTtw	0	7168.0	-2496.0	0.0	4.712389	1.018	1.018	1.018	2	100	-1	0	952
175	ZWfs	0	-2093.815	-7591.396	-98.202	2.687807	1.158	1.158	1.158	6	255	-1	0	115
176	AObd	0	2828.163	-3367.954	0.0	2.740167	0.971	0.971	0.971	2	255	-1	0	120
177	APms	2	2050.542	-900.854	0.0	1.291544	0.806	0.806	0.806	2	255	-1	0	2640
178	BTtw	6	1152.0	2752.0	0.0	4.712389	1.018	1.018	1.018	2	100	-1	0	585
179	BTtw	0	3840.0	2752.0	0.0	4.712389	1.018	1.018	1.018	2	100	-1	0	681
180	ZPsh	1	-3059.128	-7263.952	210.998	2.042035	0.83	0.83	0.83	2	255	-1	0	2548
181	APbs	0	7392.0	-6368.0	0.0	4.677482	1.011	1.011	1.011	2	255	-1	0	1827
182	BTtw	0	3712.0	2880.0	0.0	4.712389	1.018	1.018	1.018	2	100	-1	0	680
183	ZPfw	1	5148.564	2701.581	0.0	0.401426	1.045	1.045	1.045	2	255	-1	0	2021
184	BTtw	0	-128.0	2752.0	0.0	4.712389	1.018	1.018	1.018	2	100	-1	0	526
185	BTtw	0	7552.0	2304.0	0.0	4.712389	1.018	1.018	1.018	2	100	-1	0	922
186	ZPfw	2	7013.313	-7126.318	-2.192	1.291544	0.81	0.81	0.81	2	255	-1	0	1984
187	APbs	0	7456.0	-6304.0	0.0	5.340707	1.09	1.09	1.09	2	255	-1	0	1644
188	BTtw	8	7424.0	2304.0	0.0	4.712389	1.018	1.018	1.018	2	100	-1	0	921
189	APbs	0	7392.0	-6304.0	0.0	0.767945	0.919	0.919	0.919	2	255	-1	0	1643
190	BTtw	8	7040.0	-2496.0	0.0	4.712389	1.018	1.018	1.018	2	100	-1	0	951
191	BTtw	0	7296.0	-2496.0	0.0	4.712389	1.018	1.018	1.018	2	100	-1	0	947
192	BTtw	6	7168.0	-2368.0	0.0	4.712389	1.018	1.018	1.018	2	100	-1	0	945
193	BTtw	5	7040.0	-2368.0	0.0	4.712389	1.018	1.018	1.018	2	100	-1	0	942
194	BTtw	0	7296.0	-2368.0	0.0	4.712389	1.018	1.018	1.018	2	100	-1	0	941
195	BTtw	0	7168.0	-2240.0	0.0	4.712389	1.018	1.018	1.018	2	100	-1	0	940
196	BTtw	0	7040.0	-2240.0	0.0	4.712389	1.018	1.018	1.018	2	100	-1	0	939
197	BTtw	0	7296.0	-2240.0	0.0	4.712389	1.018	1.018	1.018	2	100	-1	0	938
198	BTtw	0	7040.0	-2880.0	0.0	4.712389	1.082	1.082	1.082	2	100	-1	0	937
199	BTtw	7	7168.0	-2880.0	0.0	4.712389	1.191	1.191	1.191	2	100	-1	0	934
200	YTpb	0	1312.0	-2336.0	0.0	4.712389	1.0	1.0	1.0	2	100	-1	0	89
201	BTtw	6	7168.0	-3008.0	0.0	4.712389	1.018	1.018	1.018	2	100	-1	0	933
202	BTtw	8	7040.0	-3008.0	0.0	4.712389	1.018	1.018	1.018	2	100	-1	0	932
203	BTtw	0	7296.0	-3008.0	0.0	4.712389	1.018	1.018	1.018	2	100	-1	0	931
204	BTtw	0	7296.0	-2880.0	0.0	4.712389	0.984	0.984	0.984	2	100	-1	0	930
205	APbs	0	7200.0	1184.0	0.0	6.126106	1.14	1.14	1.14	2	255	-1	0	1864
206	APms	1	4387.766	2654.788	0.0	5.61996	0.888	0.888	0.888	2	255	-1	0	1774
207	APms	3	3842.793	2881.416	0.0	3.228859	0.943	0.943	0.943	2	255	-1	0	1775
208	BTtw	0	-2304.0	3008.0	0.0	4.712389	1.018	1.018	1.018	2	100	-1	0	396
209	BTtw	6	-2432.0	2752.0	0.0	4.712389	1.018	1.018	1.018	2	100	-1	0	395
210	LOsc	0	2024.9	-946.116	0.0	3.745058	0.964	0.964	0.964	2	255	-1	0	2636
211	APms	1	2206.516	-890.936	0.0	5.218534	0.951	0.951	0.951	2	255	-1	0	2646
212	YTpb	0	2208.0	-2336.0	0.0	4.712389	1.0	1.0	1.0	2	100	-1	0	1711
213	BTtw	8	-2560.0	2752.0	0.0	4.712389	1.018	1.018	1.018	2	100	-1	0	392
214	BTtw	0	-2304.0	2752.0	0.0	4.712389	1.018	1.018	1.018	2	100	-1	0	391
215	ZPfw	3	6980.509	-7089.507	-1.257	0.401426	1.025	1.025	1.025	2	255	-1	0	1977
216	ZPfw	1	6981.857	-7095.127	-1.4	3.403392	0.867	0.867	0.867	2	255	-1	0	1976
217	BTtw	0	7040.0	1984.0	0.0	4.712389	1.082	1.082	1.082	2	100	-1	0	847
218	BTtw	0	7040.0	1344.0	0.0	4.712389	1.018	1.018	1.018	2	100	-1	0	834
219	ATtc	0	7008.0	-2720.0	0.0	4.712389	1.07	1.07	1.07	2	100	-1	0	1645
220	BTtw	9	7040.0	1472.0	0.0	4.712389	1.018	1.018	1.018	2	100	-1	0	832
221	BTtw	7	7168.0	1984.0	0.0	4.712389	1.191	1.191	1.191	2	100	-1	0	831
222	BTtw	6	7168.0	1856.0	0.0	4.712389	1.018	1.018	1.018	2	100	-1	0	830
223	BTtw	8	7040.0	1856.0	0.0	4.712389	1.018	1.018	1.018	2	100	-1	0	829
224	BTtw	0	7296.0	1856.0	0.0	4.712389	1.018	1.018	1.018	2	100	-1	0	828
225	BTtw	8	1024.0	2752.0	0.0	4.712389	1.018	1.018	1.018	2	100	-1	0	582
226	BTtw	0	1280.0	2752.0	0.0	4.712389	1.018	1.018	1.018	2	100	-1	0	581
227	APms	1	2052.369	-901.212	0.0	3.333579	0.925	0.925	0.925	2	255	-1	0	2641
228	ZPsh	1	-2956.928	-7376.873	147.043	6.213372	1.137	1.137	1.137	2	255	-1	0	2552
229	BTtw	6	-1280.0	2752.0	0.0	4.712389	1.018	1.018	1.018	2	100	-1	0	452
230	BTtw	6	2304.0	2752.0	0.0	4.712389	1.018	1.018	1.018	2	100	-1	0	630
231	BTtw	0	1152.0	2880.0	0.0	4.712389	1.018	1.018	1.018	2	100	-1	0	580
232	BTtw	0	1024.0	2880.0	0.0	4.712389	1.018	1.018	1.018	2	100	-1	0	577
233	YTpb	0	1056.0	-2336.0	0.0	4.712389	1.0	1.0	1.0	2	100	-1	0	490
234	ZPfw	1	7017.507	1892.84	0.0	2.129302	1.167	1.167	1.167	2	255	-1	0	2020
235	BTtw	0	-2560.0	2880.0	0.0	4.712389	1.018	1.018	1.018	2	100	-1	0	389
236	BTtw	0	7168.0	-1472.0	0.0	4.712389	1.018	1.018	1.018	2	100	-1	0	1010
237	BTtw	9	7040.0	-1472.0	0.0	4.712389	1.018	1.018	1.018	2	100	-1	0	1009
238	BTtw	0	7296.0	1984.0	0.0	4.712389	0.984	0.984	0.984	2	100	-1	0	827
239	BTtw	1	7296.0	1472.0	0.0	4.712389	1.018	1.018	1.018	2	100	-1	0	826
240	BTtw	0	7168.0	1344.0	0.0	4.712389	1.018	1.018	1.018	2	100	-1	0	825
241	BTtw	0	7168.0	960.0	0.0	4.712389	1.018	1.018	1.018	2	100	-1	0	824
242	BTtw	9	7040.0	1088.0	0.0	4.712389	1.018	1.018	1.018	2	100	-1	0	823
243	ARrk	4	6976.0	2816.0	0.0	2.286381	0.866	0.866	0.866	2	255	-1	0	1826
244	BTtw	1	7296.0	960.0	0.0	4.712389	1.018	1.018	1.018	2	100	-1	0	821
245	BTtw	0	7040.0	960.0	0.0	4.712389	1.018	1.018	1.018	2	100	-1	0	820
246	ZPfw	1	6992.092	-7137.791	-2.483	4.590216	1.105	1.105	1.105	2	255	-1	0	1975
247	BTtw	0	7168.0	1728.0	0.0	4.712389	1.018	1.018	1.018	2	100	-1	0	807
248	ARrk	7	7104.0	-4224.0	0.0	5.218534	1.022	1.022	1.022	2	255	-1	0	1825
249	BTtw	0	7168.0	576.0	0.0	4.712389	1.018	1.018	1.018	2	100	-1	0	805
250	BTtw	8	7040.0	576.0	0.0	4.712389	1.018	1.018	1.018	2	100	-1	0	803
251	BTtw	0	7296.0	576.0	0.0	4.712389	1.018	1.018	1.018	2	100	-1	0	802
252	BTtw	6	7168.0	704.0	0.0	4.712389	1.018	1.018	1.018	2	100	-1	0	801
253	BTtw	5	7040.0	704.0	0.0	4.712389	1.018	1.018	1.018	2	100	-1	0	800
254	BTtw	0	7296.0	704.0	0.0	4.712389	1.018	1.018	1.018	2	100	-1	0	798
255	BTtw	0	7168.0	832.0	0.0	4.712389	1.018	1.018	1.018	2	100	-1	0	797
256	APms	2	-2913.694	-7329.188	96.282	2.583087	1.109	1.109	1.109	2	255	-1	0	2618
257	BTtw	0	7040.0	832.0	0.0	4.712389	1.018	1.018	1.018	2	100	-1	0	796
258	ATtc	1	7072.0	-2784.0	0.0	4.712389	1.085	1.085	1.085	2	100	-1	0	961
259	BTtw	0	7296.0	832.0	0.0	4.712389	1.018	1.018	1.018	2	100	-1	0	795
260	APms	0	2393.076	2746.91	0.0	1.710423	0.917	0.917	0.917	2	255	-1	0	1776
261	AObd	0	7075.786	-273.502	0.0	4.328416	1.128	1.128	1.128	2	255	-1	0	2626
262	YTpb	0	1056.0	-2400.0	0.0	4.712389	1.0	1.0	1.0	2	100	-1	0	491
263	YTpb	0	1120.0	-2336.0	0.0	4.712389	1.0	1.0	1.0	2	100	-1	0	493
264	APms	2	2125.916	-891.005	0.0	0.767945	0.873	0.873	0.873	2	255	-1	0	2642
265	BTtw	6	4736.0	2752.0	0.0	4.712389	1.018	1.018	1.018	2	100	-1	0	725
266	BTtw	8	4608.0	2752.0	0.0	4.712389	1.018	1.018	1.018	2	100	-1	0	722
267	BTtw	0	4864.0	2752.0	0.0	4.712389	1.018	1.018	1.018	2	100	-1	0	721
268	BTtw	0	4736.0	2880.0	0.0	4.712389	1.018	1.018	1.018	2	100	-1	0	720
269	BTtw	0	4608.0	2880.0	0.0	4.712389	1.018	1.018	1.018	2	100	-1	0	717
270	BTtw	0	4864.0	2880.0	0.0	4.712389	1.018	1.018	1.018	2	100	-1	0	716
271	BTtw	6	4352.0	3008.0	0.0	4.712389	1.018	1.018	1.018	2	100	-1	0	715
272	BTtw	0	4480.0	3008.0	0.0	4.712389	1.018	1.018	1.018	2	100	-1	0	712
273	BTtw	6	4352.0	2752.0	0.0	4.712389	1.018	1.018	1.018	2	100	-1	0	711
274	BTtw	0	4480.0	2752.0	0.0	4.712389	1.018	1.018	1.018	2	100	-1	0	710
275	BTtw	0	7552.0	2176.0	0.0	4.712389	1.018	1.018	1.018	2	100	-1	0	920
276	BTtw	4	7424.0	2176.0	0.0	4.712389	1.018	1.018	1.018	2	100	-1	0	919
277	APbs	0	7264.0	-5984.0	0.0	3.944444	1.176	1.176	1.176	2	255	-1	0	1639
278	APms	0	-2890.353	-7378.373	71.776	4.258604	1.148	1.148	1.148	2	255	-1	0	2615
279	APbs	0	7264.0	-6112.0	0.0	4.869469	0.978	0.978	0.978	2	255	-1	0	1871
280	AObd	0	5460.656	2638.046	0.0	2.094395	1.062	1.062	1.062	2	255	-1	0	2625
281	APms	1	-2981.749	-7212.391	80.643	1.064651	0.922	0.922	0.922	2	255	-1	0	2606
282	APms	3	6982.418	-7244.409	-3.25	3.263766	0.955	0.955	0.955	2	255	-1	0	2585
283	BTtw	8	7424.0	2944.0	0.0	4.712389	1.018	1.018	1.018	2	100	-1	0	918
284	APms	1	-2987.608	-7068.117	9.108	1.570796	1.105	1.105	1.105	2	255	-1	0	1586
285	IWbg	0	1886.478	-7657.538	-92.85	2.391101	1.163	1.163	1.163	2	255	-1	0	215
286	AObd	0	860.777	2534.529	0.0	4.991642	1.047	1.047	1.047	2	255	-1	0	2624
287	AObd	0	-2669.499	2586.765	0.0	0.942478	0.816	0.816	0.816	2	255	-1	0	2623
288	APms	1	2133.953	-886.538	0.0	3.996804	0.877	0.877	0.877	2	255	-1	0	2643
289	APbs	0	7456.0	-6368.0	0.0	3.106686	0.947	0.947	0.947	2	255	-1	0	1872
290	BTtw	4	3584.0	2880.0	0.0	4.712389	1.018	1.018	1.018	2	100	-1	0	677
291	BTtw	0	4352.0	2880.0	0.0	4.712389	1.018	1.018	1.018	2	100	-1	0	707
292	BTtw	0	4480.0	2880.0	0.0	4.712389	1.018	1.018	1.018	2	100	-1	0	706
293	BTtw	6	4096.0	3008.0	0.0	4.712389	1.018	1.018	1.018	2	100	-1	0	705
294	BTtw	9	3968.0	3008.0	0.0	4.712389	1.018	1.018	1.018	2	100	-1	0	702
295	BTtw	0	3840.0	2880.0	0.0	4.712389	1.018	1.018	1.018	2	100	-1	0	676
296	BTtw	0	4224.0	3008.0	0.0	4.712389	1.018	1.018	1.018	2	100	-1	0	701
297	BTtw	6	4096.0	2752.0	0.0	4.712389	1.018	1.018	1.018	2	100	-1	0	700
298	BTtw	5	3968.0	2752.0	0.0	4.712389	1.018	1.018	1.018	2	100	-1	0	697
299	BTtw	0	4224.0	2752.0	0.0	4.712389	1.018	1.018	1.018	2	100	-1	0	696
300	ZPsh	1	-2998.728	-7324.611	194.235	1.012291	0.98	0.98	0.98	2	255	-1	0	2550
301	APms	1	-2905.952	-7280.057	77.497	3.211406	0.833	0.833	0.833	2	255	-1	0	2607
302	APms	3	-2865.034	-7335.674	46.643	5.51524	1.035	1.035	1.035	2	255	-1	0	2611
303	APms	1	-2866.989	-7343.584	48.553	3.036873	0.925	0.925	0.925	2	255	-1	0	2612
304	BTtw	6	3328.0	3008.0	0.0	4.712389	1.018	1.018	1.018	2	100	-1	0	675
305	APms	0	6724.309	2609.667	0.0	0.680678	0.905	0.905	0.905	2	255	-1	0	2586
306	APms	1	6982.448	-7245.689	-3.25	0.994838	1.131	1.131	1.131	2	255	-1	0	2584
307	APms	2	6827.634	2585.073	0.0	0.383972	1.073	1.073	1.073	2	255	-1	0	2595
308	APms	1	6835.203	2582.18	0.0	5.218534	1.108	1.108	1.108	2	255	-1	0	2596
309	APms	1	-2869.316	-7305.324	51.321	2.059489	0.995	0.995	0.995	2	255	-1	0	2610
310	BTtw	0	7552.0	2944.0	0.0	4.712389	1.018	1.018	1.018	2	100	-1	0	917
311	BTtw	0	1280.0	2880.0	0.0	4.712389	1.018	1.018	1.018	2	100	-1	0	576
312	APms	1	6861.5	2576.637	0.0	1.919862	0.994	0.994	0.994	2	255	-1	0	2598
313	APms	3	6753.3	2610.49	0.0	5.305801	0.82	0.82	0.82	2	255	-1	0	2587
314	BTtw	0	7552.0	-6464.0	0.0	4.712389	1.018	1.018	1.018	2	100	-1	0	608
315	BTtw	7	7168.0	2496.0	0.0	4.712389	1.191	1.191	1.191	2	100	-1	0	928
316	BTtw	8	3200.0	3008.0	0.0	4.712389	1.018	1.018	1.018	2	100	-1	0	672
317	BTtw	0	3456.0	3008.0	0.0	4.712389	1.018	1.018	1.018	2	100	-1	0	671
318	BTtw	6	3328.0	2752.0	0.0	4.712389	1.018	1.018	1.018	2	100	-1	0	670
319	BTtw	5	3200.0	2752.0	0.0	4.712389	1.018	1.018	1.018	2	100	-1	0	667
320	BTtw	0	7296.0	2496.0	0.0	4.712389	0.984	0.984	0.984	2	100	-1	0	927
321	BTtw	0	3456.0	2752.0	-25.6	4.712389	1.018	1.018	1.018	6	100	-1	0	666
322	BTtw	0	3328.0	2880.0	0.0	4.712389	1.018	1.018	1.018	2	100	-1	0	665
323	BTtw	0	3200.0	2880.0	0.0	4.712389	1.018	1.018	1.018	2	100	-1	0	662
324	BTtw	0	3456.0	2880.0	0.0	4.712389	1.018	1.018	1.018	2	100	-1	0	661
325	APbs	0	7200.0	1248.0	0.0	1.082104	1.162	1.162	1.162	2	255	-1	0	1863
326	BTtw	6	2944.0	3008.0	0.0	4.712389	1.018	1.018	1.018	2	100	-1	0	660
327	BTtw	9	2816.0	3008.0	0.0	4.712389	1.018	1.018	1.018	2	100	-1	0	657
328	BTtw	0	3072.0	3008.0	0.0	4.712389	1.018	1.018	1.018	2	100	-1	0	656
329	BTtw	6	2944.0	2752.0	0.0	4.712389	1.018	1.018	1.018	2	100	-1	0	655
330	APbs	0	7264.0	-6048.0	0.0	3.892084	1.179	1.179	1.179	2	255	-1	0	1873
331	LOsc	0	2198.605	-914.678	0.0	5.654867	0.806	0.806	0.806	2	255	-1	0	2634
332	APms	3	6926.024	2530.246	0.0	4.694936	1.1	1.1	1.1	2	255	-1	0	2603
333	BTtw	8	2816.0	2752.0	0.0	4.712389	1.018	1.018	1.018	2	100	-1	0	652
334	BTtw	0	3072.0	2752.0	0.0	4.712389	1.018	1.018	1.018	2	100	-1	0	651
335	APms	1	-2879.893	-7289.145	58.756	6.056293	1.143	1.143	1.143	2	255	-1	0	2609
336	APms	1	6863.061	2577.547	0.0	3.996804	0.807	0.807	0.807	2	255	-1	0	2599
337	BTtw	0	2944.0	2880.0	0.0	4.712389	1.018	1.018	1.018	2	100	-1	0	650
338	ATtc	1	5984.0	2848.0	0.0	4.712389	0.962	0.962	0.962	2	100	-1	0	1646
339	APms	2	-2890.406	-7386.776	71.706	2.321288	1.1	1.1	1.1	2	255	-1	0	2616
340	BTtw	0	3072.0	2880.0	0.0	4.712389	1.018	1.018	1.018	2	100	-1	0	646
341	APbs	0	7456.0	-6048.0	0.0	0.575959	1.04	1.04	1.04	2	255	-1	0	1874
342	BTtw	0	7552.0	-6336.0	0.0	4.712389	0.984	0.984	0.984	2	100	-1	0	609
343	BTtw	5	-1408.0	2752.0	0.0	4.712389	1.018	1.018	1.018	2	100	-1	0	438
344	BTtw	5	2176.0	2752.0	0.0	4.712389	1.018	1.018	1.018	2	100	-1	0	627
345	APms	2	2138.996	-883.869	0.0	1.710423	0.965	0.965	0.965	2	255	-1	0	2644
346	BTtw	6	768.0	3008.0	0.0	4.712389	1.018	1.018	1.018	2	100	-1	0	575
347	IWbg	0	2128.761	-7653.449	-92.85	5.88176	1.063	1.063	1.063	2	255	-1	0	216
348	ZPfw	2	-3001.075	-178.735	0.0	3.368485	1.066	1.066	1.066	2	255	-1	0	1929
349	BTtw	0	-256.0	2880.0	0.0	4.712389	1.018	1.018	1.018	2	100	-1	0	525
350	BTtw	0	7552.0	2688.0	0.0	4.712389	0.984	0.984	0.984	2	100	-1	0	899
351	APms	3	2184.134	-881.587	0.0	1.762783	1.02	1.02	1.02	2	255	-1	0	2645
352	D000	5	7296.0	-6208.0	0.0	3.281219	0.807	0.807	0.807	2	255	-1	0	638
353	APms	1	6761.268	2608.941	0.0	4.24115	0.831	0.831	0.831	2	255	-1	0	2588
354	BTtw	0	-1152.0	2752.0	0.0	4.712389	1.018	1.018	1.018	2	100	-1	0	437
355	BTtw	7	7424.0	2688.0	0.0	4.712389	1.191	1.191	1.191	2	100	-1	0	898
356	BTtw	0	2432.0	2752.0	0.0	4.712389	1.018	1.018	1.018	2	100	-1	0	626
357	BTtw	0	7040.0	-3776.0	0.0	4.712389	1.018	1.018	1.018	2	100	-1	0	1115
358	ZPfw	1	-3045.483	1746.915	0.0	4.276057	0.862	0.862	0.862	2	255	-1	0	1927
359	ZPfw	0	-3016.266	1855.462	0.0	4.328416	0.87	0.87	0.87	2	255	-1	0	1926
360	ATtc	0	7200.0	-5792.0	0.0	4.712389	1.174	1.174	1.174	2	100	-1	0	1740
361	APms	0	-2873.338	-7352.245	54.904	3.351032	0.848	0.848	0.848	2	255	-1	0	2613
362	BTtw	0	-384.0	2880.0	0.0	4.712389	1.018	1.018	1.018	2	100	-1	0	522
363	BTtw	0	-1280.0	2880.0	0.0	4.712389	1.018	1.018	1.018	2	100	-1	0	436
364	ZPfw	3	-955.806	2741.892	0.0	3.141593	1.079	1.079	1.079	2	255	-1	0	1925
365	BTtw	0	896.0	3008.0	0.0	4.712389	1.018	1.018	1.018	2	100	-1	0	572
366	BTtw	0	-3008.0	-6080.0	0.0	4.712389	1.018	1.018	1.018	2	100	-1	0	1642
367	BTtw	6	2560.0	3008.0	0.0	4.712389	1.018	1.018	1.018	2	100	-1	0	645
368	BTtw	0	2688.0	3008.0	0.0	4.712389	1.018	1.018	1.018	2	100	-1	0	642
369	BTtw	6	2560.0	2752.0	0.0	4.712389	1.018	1.018	1.018	2	100	-1	0	641
370	ZPfw	3	-937.49	2745.181	0.0	6.038839	1.176	1.176	1.176	2	255	-1	0	1924
371	BTtw	6	768.0	2752.0	0.0	4.712389	1.018	1.018	1.018	2	100	-1	0	571
372	BTtw	0	7552.0	2560.0	0.0	4.712389	0.984	0.984	0.984	2	100	-1	0	897
373	BTtw	7	7424.0	2560.0	0.0	4.712389	1.191	1.191	1.191	2	100	-1	0	896
374	LOsc	0	2099.88	-958.344	0.0	5.5676	1.085	1.085	1.085	2	255	-1	0	2631
375	ATtc	2	7136.0	-5088.0	0.0	4.712389	1.137	1.137	1.137	2	100	-1	0	1051
376	BTtw	0	7168.0	-3904.0	0.0	4.712389	1.018	1.018	1.018	2	100	-1	0	1112
377	BTtw	0	7552.0	1664.0	0.0	4.712389	1.018	1.018	1.018	2	100	-1	0	895
378	APms	0	-2900.8	-7370.478	82.45	5.51524	0.935	0.935	0.935	2	255	-1	0	2617
379	APms	1	6924.796	2536.928	0.0	3.787364	0.964	0.964	0.964	2	255	-1	0	2604
380	BTtw	0	896.0	2752.0	0.0	4.712389	1.018	1.018	1.018	2	100	-1	0	570
381	BTtw	9	7040.0	-3904.0	0.0	4.712389	1.018	1.018	1.018	2	100	-1	0	1111
382	APms	1	6774.234	2603.985	0.0	4.13643	0.803	0.803	0.803	2	255	-1	0	2589
383	APms	3	6938.333	2507.245	0.0	6.003932	1.139	1.139	1.139	2	255	-1	0	2602
384	APms	0	2213.99	-891.161	0.0	4.276057	1.072	1.072	1.072	2	255	-1	0	2647
385	YTpb	0	2912.0	-2336.0	0.0	4.712389	1.0	1.0	1.0	2	100	-1	0	494
386	APms	1	6936.53	2452.975	0.0	0.20944	0.908	0.908	0.908	2	255	-1	0	2600
387	APms	2	-2922.218	-7301.072	105.558	1.43117	1.124	1.124	1.124	2	255	-1	0	2620
388	APms	2	-2999.105	-6293.35	0.0	1.169371	1.121	1.121	1.121	2	255	-1	0	1584
389	APms	3	-2890.917	-7298.275	73.536	5.759586	0.836	0.836	0.836	2	255	-1	0	2608
390	YTpb	0	3040.0	-2592.0	0.0	4.712389	1.0	1.0	1.0	2	100	-1	0	496
391	APbs	0	7584.0	-5984.0	32.0	5.201081	1.056	1.056	1.056	2	255	-1	0	1875
392	YTpb	0	1056.0	-3808.0	0.0	4.712389	1.0	1.0	1.0	2	100	-1	0	1730
393	ZPfw	0	-775.022	2752.408	0.0	4.468043	1.001	1.001	1.001	2	255	-1	0	1923
394	BTtw	0	-3008.0	-5952.0	0.0	4.712389	1.018	1.018	1.018	2	100	-1	0	1637
395	ZPfw	3	7030.99	2023.464	0.0	2.338741	0.873	0.873	0.873	2	255	-1	0	2019
396	ZPfw	0	6925.776	2483.311	0.0	4.939282	0.849	0.849	0.849	2	255	-1	0	2018
397	ZPfw	4	6999.818	2524.529	0.0	5.899213	1.198	1.198	1.198	2	255	-1	0	2017
398	APbs	0	7456.0	-6112.0	0.0	5.462881	1.138	1.138	1.138	2	255	-1	0	1870
399	BTtw	0	768.0	2880.0	0.0	4.712389	1.018	1.018	1.018	2	100	-1	0	567
400	ZPfw	3	7008.798	2353.621	0.0	4.834562	1.04	1.04	1.04	2	255	-1	0	2016
401	ZPfw	0	7013.239	686.134	0.0	1.623156	1.077	1.077	1.077	2	255	-1	0	2015
402	ZPfw	2	7006.31	736.699	0.0	4.468043	1.012	1.012	1.012	2	255	-1	0	2014
403	APbs	0	7520.0	-6048.0	0.0	0.645772	1.144	1.144	1.144	2	255	-1	0	1869
404	BTtw	0	896.0	2880.0	0.0	4.712389	1.018	1.018	1.018	2	100	-1	0	566
405	ZPfw	3	7013.401	766.229	0.0	2.897247	1.166	1.166	1.166	2	255	-1	0	2013
406	ZPfw	1	7039.305	879.639	0.0	5.462881	1.157	1.157	1.157	2	255	-1	0	2012
407	ZPfw	0	7028.602	1030.842	0.0	4.572762	0.854	0.854	0.854	2	255	-1	0	2011
408	APbs	0	7392.0	1312.0	0.0	4.276057	0.883	0.883	0.883	2	255	-1	0	1868
409	ATtc	2	2784.0	2848.0	0.0	4.712389	1.024	1.024	1.024	2	100	-1	0	1650
410	APms	1	6833.829	2578.215	0.0	1.815142	0.908	0.908	0.908	2	255	-1	0	2597
411	BTtw	0	7424.0	1664.0	0.0	4.712389	1.018	1.018	1.018	2	100	-1	0	894
412	APms	3	6812.247	2586.464	0.0	3.700098	1.105	1.105	1.105	2	255	-1	0	2594
413	BTtw	0	-3008.0	-6336.0	0.0	4.712389	1.018	1.018	1.018	2	100	-1	0	1608
414	BTtw	1	-3008.0	-6720.0	0.0	4.712389	1.018	1.018	1.018	2	100	-1	0	1607
415	YTpb	0	3040.0	-3872.0	0.0	4.712389	1.0	1.0	1.0	2	100	-1	0	1729
416	YTpb	0	3040.0	-3808.0	0.0	4.712389	1.0	1.0	1.0	2	100	-1	0	1728
417	YTpb	0	3040.0	-3040.0	0.0	4.712389	1.0	1.0	1.0	2	100	-1	0	1727
418	BTtw	0	7552.0	1792.0	0.0	4.712389	1.018	1.018	1.018	2	100	-1	0	893
419	YTpb	0	3040.0	-2976.0	0.0	4.712389	1.0	1.0	1.0	2	100	-1	0	1726
420	YTpb	0	1568.0	-2336.0	7.031	4.712389	1.0	1.0	1.0	2	100	-1	0	1701
421	YTpb	0	1632.0	-2336.0	2.344	4.712389	1.0	1.0	1.0	2	100	-1	0	1702
422	YTpb	0	1696.0	-2336.0	0.0	4.712389	1.0	1.0	1.0	2	100	-1	0	1703
423	YTpb	0	1760.0	-2336.0	0.0	4.712389	1.0	1.0	1.0	2	100	-1	0	1704
424	YTpb	0	3040.0	-2656.0	0.0	4.712389	1.0	1.0	1.0	2	100	-1	0	1725
425	LOgr	0	-2016.0	3040.0	0.0	1.396263	1.175	1.175	1.175	2	255	-1	0	445
426	D000	2	7552.0	-6144.0	0.0	2.408554	0.801	0.801	0.801	2	255	-1	0	853
427	APbs	0	7456.0	1312.0	0.0	0.802851	0.903	0.903	0.903	2	255	-1	0	1867
428	APbs	0	7456.0	1248.0	0.0	4.537856	1.049	1.049	1.049	2	255	-1	0	1866
429	YTpb	0	3040.0	-2912.0	0.0	4.712389	1.0	1.0	1.0	2	100	-1	0	1724
430	APms	3	-3034.425	-4576.639	0.0	2.024582	0.878	0.878	0.878	2	255	-1	0	683
431	BTtw	0	7296.0	-1472.0	0.0	4.712389	1.018	1.018	1.018	2	100	-1	0	1008
432	APbs	0	7264.0	1376.0	0.0	2.984513	1.103	1.103	1.103	2	255	-1	0	1862
433	BTtw	0	7424.0	896.0	0.0	4.712389	1.018	1.018	1.018	2	100	-1	0	891
434	YTpb	0	3040.0	-2848.0	0.0	4.712389	1.0	1.0	1.0	2	100	-1	0	1723
435	ZPsh	0	-2955.151	-7406.454	145.969	4.939282	0.944	0.944	0.944	2	255	-1	0	2553
436	APms	0	-3012.01	-7182.456	81.115	0.593412	0.957	0.957	0.957	2	255	-1	0	2605
437	BTtw	4	7168.0	-960.0	0.0	4.712389	1.018	1.018	1.018	2	100	-1	0	1007
438	YTpb	0	2784.0	-4256.0	0.0	4.712389	1.0	1.0	1.0	2	100	-1	0	503
439	YTpb	0	3040.0	-2784.0	0.0	4.712389	1.0	1.0	1.0	2	100	-1	0	1722
440	YTpb	0	3040.0	-2720.0	0.0	4.712389	1.0	1.0	1.0	2	100	-1	0	1721
441	YTpb	0	1056.0	-3040.0	0.0	4.712389	1.0	1.0	1.0	2	100	-1	0	1720
442	YTpb	0	1056.0	-2976.0	0.0	4.712389	1.0	1.0	1.0	2	100	-1	0	1719
443	YTpb	0	1056.0	-2912.0	0.0	4.712389	1.0	1.0	1.0	2	100	-1	0	1718
444	YTpb	0	1056.0	-2848.0	0.0	4.712389	1.0	1.0	1.0	2	100	-1	0	1717
445	YTpb	0	1824.0	-2336.0	0.0	4.712389	1.0	1.0	1.0	2	100	-1	0	1705
446	YTpb	0	1888.0	-2336.0	0.0	4.712389	1.0	1.0	1.0	2	100	-1	0	1706
447	YTpb	0	1952.0	-2336.0	0.0	4.712389	1.0	1.0	1.0	2	100	-1	0	1707
448	YTpb	0	1056.0	-2784.0	0.0	4.712389	1.0	1.0	1.0	2	100	-1	0	1716
449	YTpb	0	1056.0	-2720.0	0.0	4.712389	1.0	1.0	1.0	2	100	-1	0	1715
450	APms	1	6979.681	-7316.744	-3.25	6.056293	0.854	0.854	0.854	2	255	-1	0	2580
451	APct	0	-2701.426	2834.623	0.0	1.762783	1.07	1.07	1.07	2	255	-1	0	400
452	BTtw	0	6912.0	2752.0	0.0	4.712389	1.018	1.018	1.018	2	100	-1	0	866
453	APms	2	6970.233	-7370.355	-3.25	1.204277	0.839	0.839	0.839	2	255	-1	0	2578
454	BTtw	0	7040.0	2624.0	0.0	4.712389	1.082	1.082	1.082	2	100	-1	0	862
455	APct	0	-2614.754	2813.554	0.0	1.047198	1.171	1.171	1.171	2	255	-1	0	397
456	BTtw	6	7424.0	1152.0	0.0	4.712389	0.823	0.823	0.823	2	100	-1	0	390
457	BTtw	7	7168.0	2624.0	0.0	4.712389	1.191	1.191	1.191	2	100	-1	0	861
458	BTtw	0	-1408.0	2880.0	0.0	4.712389	1.018	1.018	1.018	2	100	-1	0	435
459	BTtw	0	7296.0	2624.0	0.0	4.712389	0.984	0.984	0.984	2	100	-1	0	860
460	BTtw	9	7488.0	-5952.0	0.0	4.712389	1.024	1.024	1.024	2	100	-1	0	377
461	D000	8	-2816.0	3008.0	0.0	5.445427	1.025	1.025	1.025	2	255	-1	0	373
462	BTtw	0	7296.0	3008.0	0.0	4.712389	1.018	1.018	1.018	2	100	-1	0	857
463	D000	6	7168.0	1088.0	0.0	4.590216	1.115	1.115	1.115	2	255	-1	0	806
464	APbs	0	7392.0	1248.0	0.0	0.069813	0.895	0.895	0.895	2	255	-1	0	1861
465	YTpb	0	2720.0	-2336.0	0.0	4.712389	1.0	1.0	1.0	2	100	-1	0	497
466	APms	2	-3052.748	2688.733	0.0	2.932153	1.099	1.099	1.099	2	255	-1	0	2577
467	D000	6	-2688.0	2944.0	0.0	6.248279	0.957	0.957	0.957	2	255	-1	0	311
468	BTtw	6	7040.0	-960.0	0.0	4.712389	1.018	1.018	1.018	2	100	-1	0	1006
469	BTtw	0	2304.0	2880.0	0.0	4.712389	1.018	1.018	1.018	2	100	-1	0	625
470	APms	3	6805.772	2588.938	0.0	5.585053	1.083	1.083	1.083	2	255	-1	0	2593
471	APbs	0	-2080.0	2976.0	0.0	2.042035	1.06	1.06	1.06	2	255	-1	0	447
472	YTpb	0	2528.0	-2336.0	0.0	4.712389	1.0	1.0	1.0	2	100	-1	0	499
473	BTtw	0	7296.0	-960.0	0.0	4.712389	1.018	1.018	1.018	2	100	-1	0	1005
474	BTtw	0	2176.0	2880.0	0.0	4.712389	1.018	1.018	1.018	2	100	-1	0	622
475	D000	4	-2560.0	3008.0	0.0	2.984513	1.11	1.11	1.11	2	255	-1	0	135
476	YTpb	0	2720.0	-2400.0	0.0	4.712389	1.0	1.0	1.0	2	100	-1	0	500
477	APms	0	-3070.314	-2713.167	0.0	3.804818	1.06	1.06	1.06	2	255	-1	0	624
478	BTtw	8	7168.0	-832.0	0.0	4.712389	1.018	1.018	1.018	2	100	-1	0	1004
479	BTtw	0	7040.0	-832.0	0.0	4.712389	1.018	1.018	1.018	2	100	-1	0	1003
480	ZPsh	0	-2686.953	-7480.568	-59.818	3.979351	1.108	1.108	1.108	2	255	-1	0	2554
481	APbs	0	7648.0	3040.0	0.0	4.276057	0.873	0.873	0.873	2	255	-1	0	2513
482	BTtw	6	7424.0	768.0	0.0	4.712389	1.018	1.018	1.018	2	100	-1	0	879
483	BTtw	0	7296.0	-832.0	0.0	4.712389	1.018	1.018	1.018	2	100	-1	0	1002
484	BTtw	0	7168.0	-704.0	0.0	4.712389	1.018	1.018	1.018	2	100	-1	0	1001
485	BTtw	0	-1152.0	2880.0	0.0	4.712389	1.018	1.018	1.018	2	100	-1	0	433
486	BTtw	6	-1664.0	3008.0	0.0	4.712389	1.018	1.018	1.018	2	100	-1	0	432
487	BTtw	5	-1792.0	3008.0	0.0	4.712389	1.018	1.018	1.018	2	100	-1	0	431
488	BTtw	0	7168.0	-3776.0	0.0	4.712389	1.018	1.018	1.018	2	100	-1	0	1056
489	BTtw	0	7296.0	-4288.0	0.0	4.712389	1.018	1.018	1.018	2	100	-1	0	1055
490	BTtw	0	-128.0	2880.0	0.0	4.712389	1.018	1.018	1.018	2	100	-1	0	521
491	BTtw	6	-640.0	3008.0	0.0	4.712389	1.018	1.018	1.018	2	100	-1	0	520
492	BTtw	9	-768.0	3008.0	0.0	4.712389	1.018	1.018	1.018	2	100	-1	0	517
493	BTtw	4	7168.0	-5184.0	0.0	4.712389	1.018	1.018	1.018	2	100	-1	0	1054
494	BTtw	6	7040.0	-5184.0	0.0	4.712389	1.018	1.018	1.018	2	100	-1	0	1053
495	BTtw	0	-512.0	3008.0	0.0	4.712389	1.018	1.018	1.018	2	100	-1	0	516
496	BTtw	6	-640.0	2752.0	0.0	4.712389	1.018	1.018	1.018	2	100	-1	0	515
497	BTtw	8	-768.0	2752.0	0.0	4.712389	1.018	1.018	1.018	2	100	-1	0	512
498	BTtw	0	7296.0	-5184.0	0.0	4.712389	1.018	1.018	1.018	2	100	-1	0	1052
499	D000	0	7040.0	2944.0	0.0	1.48353	0.888	0.888	0.888	2	255	-1	0	791
500	BTtw	0	-512.0	2752.0	0.0	4.712389	1.018	1.018	1.018	2	100	-1	0	511
501	BTtw	0	-640.0	2880.0	0.0	4.712389	1.018	1.018	1.018	2	100	-1	0	510
502	BTtw	0	-768.0	2880.0	0.0	4.712389	1.018	1.018	1.018	2	100	-1	0	507
503	BTtw	0	7040.0	-5056.0	0.0	4.712389	1.018	1.018	1.018	2	100	-1	0	1039
504	BTtw	0	7296.0	-5056.0	0.0	4.712389	1.018	1.018	1.018	2	100	-1	0	1038
505	BTtw	0	-512.0	2880.0	0.0	4.712389	1.018	1.018	1.018	2	100	-1	0	506
506	BTtw	6	-1024.0	3008.0	0.0	4.712389	1.018	1.018	1.018	2	100	-1	0	505
507	BTtw	0	2432.0	2880.0	0.0	4.712389	1.018	1.018	1.018	2	100	-1	0	621
508	BTtw	0	7168.0	-4928.0	0.0	4.712389	1.018	1.018	1.018	2	100	-1	0	1037
509	BTtw	8	7040.0	-4928.0	0.0	4.712389	1.018	1.018	1.018	2	100	-1	0	1036
510	BTtw	6	1920.0	3008.0	0.0	4.712389	1.018	1.018	1.018	2	100	-1	0	620
511	BTtw	5	1792.0	3008.0	0.0	4.712389	1.018	1.018	1.018	2	100	-1	0	617
512	BTtw	0	-1536.0	3008.0	0.0	4.712389	1.018	1.018	1.018	2	100	-1	0	430
513	BTtw	0	7296.0	-4928.0	0.0	4.712389	1.018	1.018	1.018	2	100	-1	0	1035
514	BTtw	6	7168.0	-4800.0	0.0	4.712389	1.018	1.018	1.018	2	100	-1	0	1034
515	BTtw	6	-1664.0	2752.0	0.0	4.712389	1.018	1.018	1.018	2	100	-1	0	429
516	YTpb	0	2912.0	-4128.0	0.0	4.712389	1.0	1.0	1.0	2	100	-1	0	882
517	APct	0	2170.838	-873.381	0.0	1.553343	1.148	1.148	1.148	2	255	-1	0	117
518	BTtw	5	7040.0	-4800.0	0.0	4.712389	1.018	1.018	1.018	2	100	-1	0	1033
519	BTtw	0	7296.0	-4800.0	0.0	4.712389	1.018	1.018	1.018	2	100	-1	0	1032
520	BTtw	9	384.0	3008.0	0.0	4.712389	1.018	1.018	1.018	2	100	-1	0	562
521	BTtw	0	2048.0	3008.0	0.0	4.712389	1.018	1.018	1.018	2	100	-1	0	616
522	BTtw	6	1920.0	2752.0	0.0	4.712389	1.018	1.018	1.018	2	100	-1	0	615
523	BTtw	0	7168.0	-4672.0	0.0	4.712389	1.018	1.018	1.018	2	100	-1	0	1031
524	BTtw	0	7040.0	-4672.0	0.0	4.712389	1.018	1.018	1.018	2	100	-1	0	1030
525	APct	0	2000.73	-841.689	0.0	3.822271	0.858	0.858	0.858	2	255	-1	0	116
526	APms	0	-2678.449	-7299.506	-3.25	2.879793	0.894	0.894	0.894	2	255	-1	0	2568
527	BTtw	0	-2304.0	2880.0	0.0	4.712389	1.018	1.018	1.018	2	100	-1	0	388
528	BTtw	0	7296.0	-4672.0	0.0	4.712389	1.018	1.018	1.018	2	100	-1	0	1029
529	BTtw	0	7040.0	-5312.0	0.0	4.712389	1.082	1.082	1.082	2	100	-1	0	1028
530	D000	3	-2432.0	2944.0	0.0	3.961897	0.826	0.826	0.826	2	255	-1	0	102
531	APbs	0	7136.0	1184.0	0.0	0.017453	1.176	1.176	1.176	2	255	-1	0	1860
532	APms	0	6980.881	-7274.859	-3.25	2.635447	1.024	1.024	1.024	2	255	-1	0	2582
533	BTtw	7	7168.0	-5312.0	0.0	4.712389	1.191	1.191	1.191	2	100	-1	0	1027
534	BTtw	6	7168.0	-5440.0	0.0	4.712389	1.018	1.018	1.018	2	100	-1	0	1026
535	APms	3	6946.749	2478.537	0.0	5.078908	1.039	1.039	1.039	2	255	-1	0	2601
536	APms	2	-3045.885	2670.312	0.0	2.059489	1.044	1.044	1.044	2	255	-1	0	2576
537	YTpb	0	2272.0	-2400.0	0.0	4.712389	1.0	1.0	1.0	2	100	-1	0	502
538	BTtw	8	7040.0	-5440.0	0.0	4.712389	1.018	1.018	1.018	2	100	-1	0	1025
539	BTtw	0	7296.0	-5440.0	0.0	4.712389	1.018	1.018	1.018	2	100	-1	0	1014
540	YTpb	0	2464.0	-2336.0	0.0	4.712389	1.0	1.0	1.0	2	100	-1	0	1712
541	BTtw	5	-2944.0	3008.0	0.0	4.712389	1.018	1.018	1.018	2	100	-1	0	374
542	APms	3	-3025.878	2612.122	0.0	4.537856	0.817	0.817	0.817	2	255	-1	0	2575
543	BTtw	0	7296.0	-5312.0	0.0	4.712389	0.984	0.984	0.984	2	100	-1	0	1013
544	BTtw	0	7040.0	-1344.0	0.0	4.712389	1.018	1.018	1.018	2	100	-1	0	1012
545	YTpb	0	2528.0	-2528.0	0.0	4.712389	1.0	1.0	1.0	2	100	-1	0	1713
546	YTpb	0	2912.0	-2400.0	0.0	4.712389	1.0	1.0	1.0	2	100	-1	0	1714
547	APms	3	-3024.091	2420.205	0.0	4.660029	1.099	1.099	1.099	2	255	-1	0	2574
548	APbs	0	7136.0	2848.0	0.0	1.867502	0.9	0.9	0.9	2	255	-1	0	1859
549	APbs	0	6880.0	3040.0	0.0	1.134464	0.888	0.888	0.888	2	255	-1	0	1858
550	BTtw	6	-2816.0	2752.0	0.0	4.712389	1.018	1.018	1.018	2	100	-1	0	366
551	BTtw	5	-2944.0	2752.0	0.0	4.712389	1.018	1.018	1.018	2	100	-1	0	365
552	APms	0	6981.416	-7297.168	-3.25	0.314159	0.816	0.816	0.816	2	255	-1	0	2581
553	APbs	0	7008.0	3040.0	0.0	6.108652	1.131	1.131	1.131	2	255	-1	0	1833
554	BTtw	0	7296.0	-7232.0	-3.25	4.712389	0.984	0.984	0.984	2	100	-1	0	1135
555	APbs	0	-2080.0	3040.0	0.0	4.677482	1.073	1.073	1.073	2	255	-1	0	448
556	ARrk	4	-3008.0	-7488.0	252.75	4.904375	0.954	0.954	0.954	2	255	-1	0	2555
557	BTtw	0	-2688.0	2752.0	0.0	4.712389	1.018	1.018	1.018	2	100	-1	0	314
558	BTtw	9	7040.0	-5952.0	0.0	4.712389	1.018	1.018	1.018	2	100	-1	0	1134
559	BTtw	0	7168.0	-5952.0	0.0	4.712389	1.018	1.018	1.018	2	100	-1	0	1133
560	BTtw	0	-2816.0	2880.0	0.0	4.712389	1.018	1.018	1.018	2	100	-1	0	313
561	APms	2	-3041.927	-7406.859	307.926	4.45059	1.013	1.013	1.013	2	255	-1	0	2556
562	BTtw	0	7296.0	-3904.0	0.0	4.712389	1.018	1.018	1.018	2	100	-1	0	1110
563	BTtw	0	7040.0	-6080.0	0.0	4.712389	1.018	1.018	1.018	2	100	-1	0	1129
564	D000	4	6784.0	2880.0	0.0	3.909538	0.914	0.914	0.914	2	255	-1	0	851
565	BTtw	4	7168.0	-3392.0	0.0	4.712389	1.018	1.018	1.018	2	100	-1	0	1107
566	BTtw	0	-2944.0	2880.0	0.0	4.712389	1.018	1.018	1.018	2	100	-1	0	312
567	APms	3	-3015.674	2418.153	0.0	2.338741	0.872	0.872	0.872	2	255	-1	0	2573
568	BTtw	2	7168.0	-6208.0	0.0	4.712389	1.018	1.018	1.018	2	100	-1	0	1126
569	BTtw	5	7040.0	-6208.0	0.0	4.712389	1.018	1.018	1.018	2	100	-1	0	1122
570	BTtw	6	7040.0	-3392.0	0.0	4.712389	1.018	1.018	1.018	2	100	-1	0	1106
571	BTtw	0	7296.0	-3392.0	0.0	4.712389	1.018	1.018	1.018	2	100	-1	0	1105
572	BTtw	8	7168.0	-3264.0	0.0	4.712389	1.018	1.018	1.018	2	100	-1	0	1102
573	BTtw	0	7296.0	-5824.0	0.0	4.712389	1.018	1.018	1.018	2	100	-1	0	1121
574	BTtw	9	7040.0	-5824.0	0.0	4.712389	1.018	1.018	1.018	2	100	-1	0	1120
575	BTtw	0	7424.0	640.0	0.0	4.712389	1.018	1.018	1.018	2	100	-1	0	877
576	BTtw	0	7552.0	1280.0	0.0	4.712389	1.018	1.018	1.018	2	100	-1	0	876
577	BTtw	0	7040.0	-3264.0	0.0	4.712389	1.018	1.018	1.018	2	100	-1	0	1101
578	YOfb	0	7347.979	-7446.032	-131.25	2.740167	1.0	1.0	1.0	2	255	-1	0	460
579	BTtw	0	7296.0	-5696.0	0.0	4.712389	1.018	1.018	1.018	2	100	-1	0	1118
580	BTtw	0	7296.0	-3264.0	0.0	4.712389	1.018	1.018	1.018	2	100	-1	0	1100
581	BTtw	0	7168.0	-3136.0	0.0	4.712389	1.018	1.018	1.018	2	100	-1	0	1099
582	AObd	0	-2786.495	-2205.756	0.0	0.855211	1.065	1.065	1.065	2	255	-1	0	2622
583	BTtw	0	7040.0	-5696.0	0.0	4.712389	1.018	1.018	1.018	2	100	-1	0	1117
584	BTtw	7	7168.0	-3520.0	0.0	4.712389	1.191	1.191	1.191	2	100	-1	0	1081
585	APms	3	-2767.605	-7077.78	-0.959	0.174533	0.942	0.942	0.942	2	255	-1	0	2564
586	BTtw	8	7040.0	-3136.0	0.0	4.712389	1.018	1.018	1.018	2	100	-1	0	1098
587	BTtw	0	7296.0	-3136.0	0.0	4.712389	1.018	1.018	1.018	2	100	-1	0	1097
588	BTtw	6	7168.0	-3648.0	0.0	4.712389	1.018	1.018	1.018	2	100	-1	0	1078
589	BTtw	8	7040.0	-3648.0	0.0	4.712389	1.018	1.018	1.018	2	100	-1	0	1077
590	BTtw	5	7040.0	-4288.0	0.0	4.712389	1.018	1.018	1.018	2	100	-1	0	1095
591	APms	2	-3012.135	2411.607	0.0	2.86234	0.931	0.931	0.931	2	255	-1	0	2572
592	APms	2	-3005.72	2399.742	0.0	2.216568	0.915	0.915	0.915	2	255	-1	0	2571
593	BTtw	0	7296.0	-3648.0	0.0	4.712389	1.018	1.018	1.018	2	100	-1	0	1076
594	BTtw	0	7296.0	-3520.0	0.0	4.712389	0.984	0.984	0.984	2	100	-1	0	1065
595	BTtw	2	7168.0	-4288.0	0.0	4.712389	1.018	1.018	1.018	2	100	-1	0	1094
596	BTtw	0	7296.0	-4160.0	0.0	4.712389	1.018	1.018	1.018	2	100	-1	0	1088
597	BTtw	0	7040.0	-3520.0	0.0	4.712389	1.082	1.082	1.082	2	100	-1	0	1087
598	BTtw	1	7296.0	-4032.0	0.0	4.712389	1.018	1.018	1.018	2	100	-1	0	1064
599	BTtw	0	7168.0	-4160.0	0.0	4.712389	1.018	1.018	1.018	2	100	-1	0	1063
600	APms	0	-3004.651	2391.133	0.0	3.857178	0.804	0.804	0.804	2	255	-1	0	2570
601	BTtw	0	7424.0	1792.0	0.0	4.712389	1.018	1.018	1.018	2	100	-1	0	875
602	BTtw	0	7040.0	-4160.0	0.0	4.712389	1.018	1.018	1.018	2	100	-1	0	1086
603	BTtw	0	7168.0	-4544.0	0.0	4.712389	1.018	1.018	1.018	2	100	-1	0	1062
604	BTtw	9	7040.0	-4416.0	0.0	4.712389	1.018	1.018	1.018	2	100	-1	0	1061
605	AObd	0	1415.84	-7456.402	-35.652	0.610865	0.964	0.964	0.964	2	255	-1	0	2629
606	BTtw	4	7424.0	-6208.0	0.0	4.712389	1.018	1.018	1.018	2	100	-1	0	613
607	ARrk	9	-3008.0	-7296.0	192.0	4.29351	0.923	0.923	0.923	2	255	-1	0	2521
608	BTtw	0	7296.0	-4416.0	0.0	4.712389	1.018	1.018	1.018	2	100	-1	0	1060
609	BTtw	1	7296.0	-4544.0	0.0	4.712389	1.018	1.018	1.018	2	100	-1	0	1059
610	ATtc	2	-2016.0	2976.0	0.0	4.712389	1.175	1.175	1.175	2	100	-1	0	419
611	APms	0	-710.534	2771.505	0.0	1.22173	0.803	0.803	0.803	2	255	-1	0	1778
612	BTtw	1	7552.0	1024.0	0.0	4.712389	1.018	1.018	1.018	2	100	-1	0	873
613	BTtw	0	7040.0	-4544.0	0.0	4.712389	1.018	1.018	1.018	2	100	-1	0	1058
614	BTtw	0	7168.0	-4416.0	0.0	4.712389	1.018	1.018	1.018	2	100	-1	0	1057
615	AWfs	0	43.077	-7577.57	-143.386	3.560472	0.845	0.845	0.845	2	255	-1	0	174
616	BTtw	0	7552.0	1152.0	0.0	4.712389	1.018	1.018	1.018	2	100	-1	0	872
617	APms	0	-3005.481	2373.011	0.0	3.490659	0.934	0.934	0.934	2	255	-1	0	2569
618	BTtw	8	7040.0	-5568.0	0.0	4.712389	1.018	1.018	1.018	2	100	-1	0	1187
619	BTtw	0	7296.0	-5568.0	0.0	4.712389	1.018	1.018	1.018	2	100	-1	0	1186
620	APms	0	990.737	2719.376	0.0	4.258604	1.068	1.068	1.068	2	255	-1	0	1777
621	BTtw	0	7424.0	1024.0	0.0	4.712389	1.018	1.018	1.018	2	100	-1	0	871
622	APms	1	7151.293	1450.89	0.0	4.660029	1.131	1.131	1.131	2	255	-1	0	1770
623	APbs	0	6944.0	2976.0	0.0	0.191986	0.905	0.905	0.905	2	255	-1	0	1857
624	BTtw	0	7168.0	-6080.0	0.0	4.712389	1.018	1.018	1.018	2	100	-1	0	1174
625	BTtw	0	7424.0	1408.0	0.0	4.712389	1.018	1.018	1.018	2	100	-1	0	870
626	APms	3	6804.723	2596.834	0.0	1.58825	1.108	1.108	1.108	2	255	-1	0	2592
627	ZPfw	1	-629.749	2747.407	0.0	5.044002	0.939	0.939	0.939	2	255	-1	0	1922
628	BTtw	0	7168.0	-6464.0	0.0	4.712389	1.018	1.018	1.018	2	100	-1	0	1173
629	BTtw	9	7040.0	-6336.0	0.0	4.712389	1.018	1.018	1.018	2	100	-1	0	1172
630	ZPfw	3	-546.435	2701.105	0.0	5.689773	1.117	1.117	1.117	2	255	-1	0	1921
631	APms	3	7149.546	2340.778	0.0	0.959931	1.15	1.15	1.15	2	255	-1	0	1771
632	APms	3	6721.184	2925.842	0.0	3.368485	1.004	1.004	1.004	2	255	-1	0	1772
633	BTtw	0	7296.0	-6336.0	0.0	4.712389	1.018	1.018	1.018	2	100	-1	0	1171
634	BTtw	1	7296.0	-6464.0	0.0	4.712389	1.018	1.018	1.018	2	100	-1	0	1170
635	APms	2	6801.475	2598.075	0.0	5.061455	0.927	0.927	0.927	2	255	-1	0	2591
636	BTtw	0	-3008.0	-6208.0	0.0	4.712389	0.984	0.984	0.984	2	100	-1	0	1632
637	BTtw	1	7552.0	1536.0	0.0	4.712389	1.018	1.018	1.018	2	100	-1	0	869
638	BTtw	0	7040.0	-6464.0	0.0	4.712389	1.018	1.018	1.018	2	100	-1	0	1169
639	BTtw	0	7168.0	-6336.0	0.0	4.712389	1.018	1.018	1.018	2	100	-1	0	1168
640	ATtc	1	7264.0	-3744.0	0.0	4.712389	0.884	0.884	0.884	2	100	-1	0	1738
641	APms	3	5692.043	2894.415	0.0	4.572762	1.042	1.042	1.042	2	255	-1	0	1773
642	ATtc	2	7328.0	-3744.0	0.0	4.712389	0.912	0.912	0.912	2	100	-1	0	1737
643	BTtw	0	7168.0	-5696.0	0.0	4.712389	1.018	1.018	1.018	2	100	-1	0	1167
644	APbs	0	6880.0	2976.0	0.0	6.126106	0.828	0.828	0.828	2	255	-1	0	1856
645	BTtw	0	-3008.0	-6464.0	0.0	4.712389	1.018	1.018	1.018	2	100	-1	0	1628
646	BTtw	0	7552.0	2048.0	0.0	4.712389	0.984	0.984	0.984	2	100	-1	0	868
647	ATtc	0	7200.0	-5024.0	0.0	4.712389	1.082	1.082	1.082	2	100	-1	0	1736
648	BTtw	4	7168.0	-7104.0	-1.625	4.712389	1.018	1.018	1.018	2	100	-1	0	1165
649	BTtw	6	7040.0	-7104.0	-1.625	4.712389	1.018	1.018	1.018	2	100	-1	0	1164
650	BTtw	0	7552.0	1920.0	0.0	4.712389	1.018	1.018	1.018	2	100	-1	0	864
651	ATtc	1	7200.0	-5088.0	0.0	4.712389	0.819	0.819	0.819	2	100	-1	0	1674
652	ZPsh	2	-3033.328	-7206.295	126.935	3.717551	1.126	1.126	1.126	2	255	-1	0	1794
653	BTtw	0	7296.0	-7104.0	-1.625	4.712389	1.018	1.018	1.018	2	100	-1	0	1163
654	BTtw	8	7168.0	-6976.0	0.0	4.712389	1.018	1.018	1.018	2	100	-1	0	1162
655	BTtw	0	7296.0	2880.0	0.0	4.712389	1.018	1.018	1.018	2	100	-1	0	852
656	BTtw	6	7424.0	1920.0	0.0	4.712389	1.018	1.018	1.018	2	100	-1	0	863
657	APms	0	6980.64	-7264.814	-3.25	0.959931	1.168	1.168	1.168	2	255	-1	0	2583
658	BTtw	0	7040.0	-6976.0	0.0	4.712389	1.018	1.018	1.018	2	100	-1	0	1161
659	BTtw	0	7296.0	-6976.0	0.0	4.712389	1.018	1.018	1.018	2	100	-1	0	1160
660	BTtw	7	7424.0	2048.0	0.0	4.712389	1.191	1.191	1.191	2	100	-1	0	859
661	APms	0	-2758.403	-7089.923	-1.268	4.712389	1.175	1.175	1.175	2	255	-1	0	2565
662	YOfb	0	7249.153	-7668.598	-169.659	3.193953	1.0	1.0	1.0	2	255	-1	0	456
663	BTtw	0	7168.0	-6848.0	0.0	4.712389	1.018	1.018	1.018	2	100	-1	0	1149
664	BTtw	8	7040.0	-6848.0	0.0	4.712389	1.018	1.018	1.018	2	100	-1	0	1148
665	APms	2	-2342.581	2731.54	0.0	5.969026	0.943	0.943	0.943	2	255	-1	0	1779
666	ZPfw	2	-2926.077	-7349.649	108.451	5.916666	0.955	0.955	0.955	2	255	-1	0	2562
667	BTtw	0	7424.0	1536.0	0.0	4.712389	1.018	1.018	1.018	2	100	-1	0	858
668	BTtw	0	7296.0	-6848.0	0.0	4.712389	1.018	1.018	1.018	2	100	-1	0	1147
669	BTtw	6	7168.0	-6720.0	0.0	4.712389	1.018	1.018	1.018	2	100	-1	0	1146
670	AObd	0	6825.923	-5842.195	0.0	2.740167	0.971	0.971	0.971	2	255	-1	0	2627
671	BTtw	0	7552.0	1408.0	0.0	4.712389	1.018	1.018	1.018	2	100	-1	0	854
672	ZPfw	1	-2936.573	-4437.706	0.0	5.305801	0.811	0.811	0.811	2	255	-1	0	1941
673	BTtw	5	7040.0	-6720.0	0.0	4.712389	1.018	1.018	1.018	2	100	-1	0	1145
674	BTtw	0	7296.0	-6720.0	0.0	4.712389	1.018	1.018	1.018	2	100	-1	0	1144
675	LOfl	0	2159.776	-929.418	0.0	5.201081	0.869	0.869	0.869	2	255	-1	0	2632
676	ZPsh	1	-2964.299	-7359.594	156.77	3.874631	1.06	1.06	1.06	2	255	-1	0	2551
677	BTtw	0	-3008.0	-6592.0	0.0	4.712389	1.018	1.018	1.018	2	100	-1	0	1623
678	BTtw	0	7168.0	-6592.0	0.0	4.712389	1.018	1.018	1.018	2	100	-1	0	1143
679	BTtw	0	7040.0	-6592.0	0.0	4.712389	1.018	1.018	1.018	2	100	-1	0	1142
680	LOfl	0	2070.779	-942.246	0.0	0.366519	0.877	0.877	0.877	2	255	-1	0	2630
681	ATtc	0	7072.0	-2720.0	0.0	4.712389	1.076	1.076	1.076	2	100	-1	0	1673
682	BTtw	5	-1792.0	2752.0	0.0	4.712389	1.018	1.018	1.018	2	100	-1	0	428
683	BTtw	0	7296.0	-6592.0	0.0	4.712389	1.018	1.018	1.018	2	100	-1	0	1141
684	BTtw	0	7040.0	-7232.0	-3.25	4.712389	1.082	1.082	1.082	2	100	-1	0	1140
685	BTtw	0	-1536.0	2752.0	0.0	4.712389	1.018	1.018	1.018	2	100	-1	0	427
686	AObd	0	-2310.271	-6869.731	0.0	0.244346	1.095	1.095	1.095	2	255	-1	0	2621
687	ATtc	0	7136.0	1440.0	0.0	4.712389	1.102	1.102	1.102	2	100	-1	0	1672
688	BTtw	7	7168.0	-7232.0	-3.25	4.712389	1.191	1.191	1.191	2	100	-1	0	1139
689	ZPfw	2	-528.407	2680.171	0.0	2.6529	0.933	0.933	0.933	2	255	-1	0	1920
690	D000	7	7360.0	-6080.0	0.0	0.05236	0.893	0.893	0.893	2	255	-1	0	623
691	BTtw	0	-1664.0	2880.0	0.0	4.712389	1.018	1.018	1.018	2	100	-1	0	426
692	BTtw	4	-1792.0	2880.0	0.0	4.712389	1.018	1.018	1.018	2	100	-1	0	425
693	APbs	0	6880.0	2912.0	0.0	2.932153	1.056	1.056	1.056	2	255	-1	0	1855
694	ZPfw	2	3071.484	2704.191	0.0	1.308997	1.155	1.155	1.155	2	255	-1	0	1919
695	BTtw	0	7552.0	-640.0	0.0	4.712389	1.018	1.018	1.018	2	100	-1	0	849
696	D000	2	7296.0	1280.0	0.0	3.385939	0.983	0.983	0.983	2	255	-1	0	808
697	ATtc	0	6048.0	2912.0	0.0	4.712389	1.142	1.142	1.142	2	100	-1	0	1671
698	APbs	0	6880.0	2848.0	0.0	3.263766	1.199	1.199	1.199	2	255	-1	0	1854
699	ZPfw	4	3135.228	2699.234	0.0	4.590216	1.052	1.052	1.052	2	255	-1	0	1918
700	BTtw	0	-1536.0	2880.0	0.0	4.712389	1.018	1.018	1.018	2	100	-1	0	424
701	ATtc	0	544.0	2976.0	0.0	4.712389	0.915	0.915	0.915	2	100	-1	0	565
702	APbs	0	7648.0	2976.0	0.0	3.385939	0.836	0.836	0.836	2	255	-1	0	2514
703	APms	1	6776.396	2603.159	0.0	5.288348	1.111	1.111	1.111	2	255	-1	0	2590
704	ZPfw	4	3195.518	2704.506	0.0	3.263766	1.163	1.163	1.163	2	255	-1	0	1917
705	BTtw	0	7168.0	-4032.0	0.0	4.712389	1.018	1.018	1.018	2	100	-1	0	1083
706	BTtw	0	7424.0	-640.0	0.0	4.712389	1.018	1.018	1.018	2	100	-1	0	848
707	BTtw	8	-2176.0	3008.0	0.0	4.712389	1.018	1.018	1.018	2	100	-1	0	412
708	ZPsh	1	7181.671	-7238.795	-3.25	2.426008	1.125	1.125	1.125	2	255	-1	0	1812
709	ZPfw	0	3214.624	2723.193	0.0	5.759586	0.901	0.901	0.901	2	255	-1	0	1916
710	BTtw	0	-1920.0	3008.0	0.0	4.712389	1.018	1.018	1.018	2	100	-1	0	411
711	BTtw	0	640.0	3008.0	0.0	4.712389	1.018	1.018	1.018	2	100	-1	0	561
712	BTtw	6	512.0	2752.0	0.0	4.712389	1.018	1.018	1.018	2	100	-1	0	560
713	APbs	0	6944.0	2912.0	0.0	3.787364	0.916	0.916	0.916	2	255	-1	0	1853
714	ZPfw	1	3254.64	2744.75	0.0	5.864306	1.038	1.038	1.038	2	255	-1	0	1915
715	BTtw	5	384.0	2752.0	0.0	4.712389	1.018	1.018	1.018	2	100	-1	0	557
716	BTtw	6	-2048.0	2752.0	0.0	4.712389	1.018	1.018	1.018	2	100	-1	0	410
717	BTtw	0	2048.0	2752.0	0.0	4.712389	1.018	1.018	1.018	2	100	-1	0	611
718	ZPsh	1	7186.655	-7172.446	-3.25	4.485496	1.115	1.115	1.115	2	255	-1	0	1813
719	BTtw	0	7552.0	-768.0	0.0	4.712389	1.018	1.018	1.018	2	100	-1	0	844
720	BTtw	0	1920.0	2880.0	0.0	4.712389	1.018	1.018	1.018	2	100	-1	0	610
721	BTtw	0	640.0	2752.0	0.0	4.712389	1.018	1.018	1.018	2	100	-1	0	556
722	BTtw	0	512.0	2880.0	0.0	4.712389	1.018	1.018	1.018	2	100	-1	0	555
723	ATtc	0	2848.0	2848.0	0.0	4.712389	1.152	1.152	1.152	2	100	-1	0	1670
724	ZPfw	1	4622.361	2880.335	0.0	3.577925	0.985	0.985	0.985	2	255	-1	0	1914
725	BTtw	0	384.0	2880.0	0.0	4.712389	1.018	1.018	1.018	2	100	-1	0	552
726	BTtw	5	-2176.0	2752.0	0.0	4.712389	1.018	1.018	1.018	2	100	-1	0	407
727	BTtw	4	1792.0	2880.0	0.0	4.712389	1.018	1.018	1.018	2	100	-1	0	607
728	APms	0	-2674.834	-7283.226	-3.25	5.585053	0.825	0.825	0.825	2	255	-1	0	2566
729	ZPfw	1	4716.283	2839.233	0.0	4.363323	0.989	0.989	0.989	2	255	-1	0	1913
730	BTtw	0	640.0	2880.0	0.0	4.712389	1.018	1.018	1.018	2	100	-1	0	551
731	BTtw	6	128.0	3008.0	0.0	4.712389	1.018	1.018	1.018	2	100	-1	0	550
732	BTtw	5	0.0	3008.0	0.0	4.712389	1.018	1.018	1.018	2	100	-1	0	547
733	APms	0	-2785.993	-7066.954	-0.684	3.926991	1.133	1.133	1.133	2	255	-1	0	2563
734	ZPfw	4	4725.398	2798.641	0.0	1.099557	0.803	0.803	0.803	2	255	-1	0	1912
735	BTtw	0	-896.0	3008.0	0.0	4.712389	1.018	1.018	1.018	2	100	-1	0	464
736	BTtw	0	2048.0	2880.0	0.0	4.712389	1.018	1.018	1.018	2	100	-1	0	606
737	BTtw	6	-1024.0	2752.0	0.0	4.712389	1.018	1.018	1.018	2	100	-1	0	463
738	BTtw	8	7424.0	-768.0	0.0	4.712389	1.018	1.018	1.018	2	100	-1	0	843
739	BTtw	0	7552.0	-896.0	0.0	4.712389	1.018	1.018	1.018	2	100	-1	0	839
740	BTtw	0	256.0	3008.0	0.0	4.712389	1.018	1.018	1.018	2	100	-1	0	546
741	BTtw	6	128.0	2752.0	0.0	4.712389	1.018	1.018	1.018	2	100	-1	0	545
742	BTtw	0	-896.0	2752.0	0.0	4.712389	1.018	1.018	1.018	2	100	-1	0	462
743	BTtw	4	7424.0	-896.0	0.0	4.712389	1.018	1.018	1.018	2	100	-1	0	838
744	ZPfw	3	4728.625	2764.209	0.0	4.468043	1.041	1.041	1.041	2	255	-1	0	1911
745	BTtw	6	1536.0	3008.0	0.0	4.712389	1.018	1.018	1.018	2	100	-1	0	605
746	APms	0	-3054.118	-7414.767	337.278	1.797689	0.91	0.91	0.91	2	255	-1	0	2557
747	APms	2	-2887.132	-7361.484	68.764	4.066617	0.82	0.82	0.82	2	255	-1	0	2614
748	ZPfw	2	4737.631	2734.622	0.0	3.420845	1.14	1.14	1.14	2	255	-1	0	1910
749	BTtw	0	7552.0	-1408.0	0.0	4.712389	1.018	1.018	1.018	2	100	-1	0	835
750	APbs	0	7648.0	2848.0	0.0	2.740167	0.933	0.933	0.933	2	255	-1	0	2515
751	BTtw	0	-1024.0	2880.0	0.0	4.712389	1.018	1.018	1.018	2	100	-1	0	459
752	BTtw	8	1408.0	3008.0	0.0	4.712389	1.018	1.018	1.018	2	100	-1	0	602
753	BTtw	0	7424.0	-1408.0	0.0	4.712389	1.018	1.018	1.018	2	100	-1	0	819
754	LWw0	0	-2591.564	-7651.435	-167.445	6.163808	1.5	1.5	0.5	2	255	-1	0	2506
755	BTtw	5	0.0	2752.0	0.0	4.712389	1.018	1.018	1.018	2	100	-1	0	542
756	BTtw	0	256.0	2752.0	0.0	4.712389	1.018	1.018	1.018	2	100	-1	0	541
757	APms	1	2026.635	-878.021	0.0	5.253441	1.12	1.12	1.12	2	255	-1	0	2635
758	ZPsh	2	-3018.986	-7306.921	209.107	4.34587	0.921	0.921	0.921	2	255	-1	0	2549
759	ZPfw	3	5871.332	2682.117	0.0	4.729842	0.875	0.875	0.875	2	255	-1	0	1909
760	BTtw	0	-896.0	2880.0	0.0	4.712389	1.018	1.018	1.018	2	100	-1	0	458
761	BTtw	0	1664.0	3008.0	0.0	4.712389	1.018	1.018	1.018	2	100	-1	0	601
762	APms	2	2032.401	-896.026	0.0	3.996804	1.02	1.02	1.02	2	255	-1	0	2639
763	APbs	0	7200.0	3040.0	0.0	4.520403	1.181	1.181	1.181	2	255	-1	0	1832
764	BTtw	0	7424.0	-1280.0	0.0	4.712389	1.018	1.018	1.018	2	100	-1	0	818
765	APms	2	-2675.062	-7291.603	-3.25	0.645772	1.017	1.017	1.017	2	255	-1	0	2567
766	BTtw	0	128.0	2880.0	0.0	4.712389	1.018	1.018	1.018	2	100	-1	0	540
767	BTtw	6	-1280.0	3008.0	0.0	4.712389	1.018	1.018	1.018	2	100	-1	0	457
768	APbs	0	7264.0	1184.0	0.0	4.206244	1.159	1.159	1.159	2	255	-1	0	1831
769	ZRrs	0	7232.0	-7296.0	-3.25	3.141593	0.872	0.872	0.872	2	255	-1	0	440
770	BTtw	8	7040.0	-704.0	0.0	4.712389	1.018	1.018	1.018	2	100	-1	0	1000
771	BTtw	4	0.0	2880.0	0.0	4.712389	1.018	1.018	1.018	2	100	-1	0	537
772	YTpb	0	2016.0	-2336.0	0.0	4.712389	1.0	1.0	1.0	2	100	-1	0	1708
773	BTtw	6	7168.0	-5568.0	0.0	4.712389	1.018	1.018	1.018	2	100	-1	0	1188
774	ZPfw	1	5904.964	2679.501	0.0	5.026548	1.185	1.185	1.185	2	255	-1	0	1908
775	YTpb	0	2080.0	-2336.0	0.0	4.712389	1.0	1.0	1.0	2	100	-1	0	1709
776	BTtw	9	-1408.0	3008.0	0.0	4.712389	1.018	1.018	1.018	2	100	-1	0	454
777	BTtw	0	7296.0	-704.0	0.0	4.712389	1.018	1.018	1.018	2	100	-1	0	994
778	ZPfw	0	5952.816	2686.186	0.0	2.286381	0.906	0.906	0.906	2	255	-1	0	1907
779	ZPfw	1	7073.815	2686.011	0.0	6.248279	0.918	0.918	0.918	2	255	-1	0	1906
780	YTpb	0	2144.0	-2336.0	0.0	4.712389	1.0	1.0	1.0	2	100	-1	0	1710
781	BTtw	0	7040.0	-7360.0	-3.25	4.712389	1.082	1.082	1.082	2	100	-1	0	439
782	ZRrk	7	6592.0	-7488.0	-67.25	1.169371	0.905	0.905	0.905	2	255	-1	0	434
783	ZPfw	1	7040.554	2679.349	0.0	0.855211	1.054	1.054	1.054	2	255	-1	0	1905
784	ZPfw	3	6881.318	2740.85	0.0	5.340707	1.049	1.049	1.049	2	255	-1	0	1904
785	BTtw	0	-1152.0	3008.0	0.0	4.712389	1.018	1.018	1.018	2	100	-1	0	453
786	BTtw	5	7040.0	-1856.0	0.0	4.712389	1.018	1.018	1.018	2	100	-1	0	988
787	ZRrk	8	6464.0	-7488.0	-67.25	3.333579	1.041	1.041	1.041	2	255	-1	0	423
788	ZPfw	0	6857.658	2742.774	0.0	1.937315	1.005	1.005	1.005	2	255	-1	0	1903
789	ZPfw	4	6848.786	2735.073	0.0	2.86234	0.825	0.825	0.825	2	255	-1	0	1902
790	YTpb	0	2976.0	-4000.0	0.0	4.712389	1.0	1.0	1.0	2	100	-1	0	884
791	BTtw	9	7040.0	-4032.0	0.0	4.712389	1.018	1.018	1.018	2	100	-1	0	1082
792	ZRrk	5	6336.0	-7488.0	-67.25	3.368485	0.839	0.839	0.839	2	255	-1	0	422
793	ZPfw	2	6838.461	2718.523	0.0	4.764749	1.166	1.166	1.166	2	255	-1	0	1901
794	ZPfw	0	6834.804	2710.119	0.0	1.413717	1.046	1.046	1.046	2	255	-1	0	1900
795	ZRrk	2	6208.0	-7488.0	-67.25	2.478368	1.082	1.082	1.082	2	255	-1	0	421
796	D000	3	7296.0	1088.0	0.0	6.021386	1.048	1.048	1.048	2	255	-1	0	822
797	ZPfw	0	6800.903	2701.707	0.0	0.593412	1.143	1.143	1.143	2	255	-1	0	1899
798	ZRrk	7	6080.0	-7488.0	-67.25	0.174533	0.853	0.853	0.853	2	255	-1	0	420
799	ZRrk	2	5952.0	-7488.0	-67.25	4.642576	0.825	0.825	0.825	2	255	-1	0	418
800	ATtc	0	2784.0	2912.0	0.0	4.712389	0.858	0.858	0.858	2	100	-1	0	1669
801	ZRrk	1	5824.0	-7488.0	-67.25	0.139626	1.161	1.161	1.161	2	255	-1	0	417
802	ATtc	2	480.0	3040.0	0.0	4.712389	0.85	0.85	0.85	2	100	-1	0	1668
803	ZRrk	3	5696.0	-7488.0	-67.25	5.532694	1.191	1.191	1.191	2	255	-1	0	416
804	ZRrk	6	5568.0	-7488.0	-67.25	3.316126	0.907	0.907	0.907	2	255	-1	0	415
805	ZPfw	1	-2942.612	-2045.078	0.0	3.263766	0.946	0.946	0.946	2	255	-1	0	1935
806	ZPfw	1	6767.926	2695.17	0.0	0.087266	0.883	0.883	0.883	2	255	-1	0	1898
807	ZPfw	4	6752.056	2692.301	0.0	2.408554	0.846	0.846	0.846	2	255	-1	0	1897
808	APbs	0	-2720.0	2848.0	0.0	3.281219	0.896	0.896	0.896	2	255	-1	0	1896
809	APbs	0	-2720.0	3040.0	0.0	3.228859	1.14	1.14	1.14	2	255	-1	0	1895
810	APbs	0	-2400.0	3040.0	0.0	0.471239	0.818	0.818	0.818	2	255	-1	0	1894
811	APbs	0	-2464.0	2848.0	0.0	6.213372	1.071	1.071	1.071	2	255	-1	0	1893
812	APbs	0	-2656.0	2848.0	0.0	3.595378	0.839	0.839	0.839	2	255	-1	0	1892
813	ZRrk	3	5440.0	-7488.0	-67.25	2.321288	0.929	0.929	0.929	2	255	-1	0	414
814	ZPfw	0	-2945.65	-2153.552	0.0	3.560472	0.969	0.969	0.969	2	255	-1	0	1936
815	ZPfw	1	7004.998	1189.546	0.0	2.024582	1.085	1.085	1.085	2	255	-1	0	2010
816	ZPfw	2	6984.691	1088.754	0.0	2.70526	1.161	1.161	1.161	2	255	-1	0	2009
817	BTtw	0	7040.0	1728.0	0.0	4.712389	1.018	1.018	1.018	2	100	-1	0	926
818	BTtw	0	7296.0	1728.0	0.0	4.712389	1.018	1.018	1.018	2	100	-1	0	925
819	BTtw	0	7168.0	1600.0	0.0	4.712389	1.018	1.018	1.018	2	100	-1	0	914
820	ZPfw	1	6952.175	964.575	0.0	1.099557	1.114	1.114	1.114	2	255	-1	0	2008
821	ZPfw	0	6999.963	-1657.616	0.0	2.478368	0.951	0.951	0.951	2	255	-1	0	2007
822	BTtw	9	7040.0	1600.0	0.0	4.712389	1.018	1.018	1.018	2	100	-1	0	913
823	BTtw	0	7296.0	1600.0	0.0	4.712389	1.018	1.018	1.018	2	100	-1	0	912
824	BTtw	4	7168.0	2112.0	0.0	4.712389	1.018	1.018	1.018	2	100	-1	0	911
825	ZPfw	2	6976.166	-1679.559	0.0	1.308997	1.014	1.014	1.014	2	255	-1	0	2006
826	ZPfw	4	6968.702	-1710.696	0.0	2.897247	1.188	1.188	1.188	2	255	-1	0	2005
827	BTtw	6	7040.0	2112.0	0.0	4.712389	1.018	1.018	1.018	2	100	-1	0	910
828	BTtw	0	7296.0	2112.0	0.0	4.712389	1.018	1.018	1.018	2	100	-1	0	909
829	BTtw	8	7168.0	2240.0	0.0	4.712389	1.018	1.018	1.018	2	100	-1	0	908
830	ZPfw	4	6974.81	-1732.021	0.0	4.276057	1.1	1.1	1.1	2	255	-1	0	2004
831	ZPfw	2	6976.007	-1750.695	0.0	0.15708	0.954	0.954	0.954	2	255	-1	0	2003
832	BTtw	0	7040.0	2240.0	0.0	4.712389	1.018	1.018	1.018	2	100	-1	0	907
833	BTtw	0	7296.0	2240.0	0.0	4.712389	1.018	1.018	1.018	2	100	-1	0	906
834	BTtw	0	7168.0	2368.0	0.0	4.712389	1.018	1.018	1.018	2	100	-1	0	905
835	YTpb	0	2912.0	-4064.0	0.0	4.712389	1.0	1.0	1.0	2	100	-1	0	883
836	ATtc	0	544.0	3040.0	0.0	4.712389	0.926	0.926	0.926	2	100	-1	0	1667
837	BTtw	0	256.0	2880.0	0.0	4.712389	1.018	1.018	1.018	2	100	-1	0	536
838	ZPsh	2	7183.608	-7027.875	0.0	3.647738	0.938	0.938	0.938	2	255	-1	0	1815
839	ZPfw	4	6990.372	-1786.357	0.0	3.298672	0.941	0.941	0.941	2	255	-1	0	2002
840	BTtw	6	-256.0	3008.0	0.0	4.712389	1.018	1.018	1.018	2	100	-1	0	535
841	ZRrk	6	5312.0	-7488.0	-67.25	3.490659	0.9	0.9	0.9	2	255	-1	0	413
842	BTtw	8	-384.0	3008.0	0.0	4.712389	1.018	1.018	1.018	2	100	-1	0	532
843	ZPsh	0	7174.475	-7112.165	-1.832	5.410521	0.979	0.979	0.979	2	255	-1	0	1814
844	ZPfw	2	6996.741	-1823.354	0.0	3.385939	1.036	1.036	1.036	2	255	-1	0	2001
845	BTtw	0	-128.0	3008.0	0.0	4.712389	1.018	1.018	1.018	2	100	-1	0	531
846	BTtw	6	-256.0	2752.0	0.0	4.712389	1.018	1.018	1.018	2	100	-1	0	530
847	BTtw	5	-384.0	2752.0	0.0	4.712389	1.018	1.018	1.018	2	100	-1	0	527
848	ZPfw	2	7019.576	-1903.373	0.0	2.687807	1.197	1.197	1.197	2	255	-1	0	2000
849	ZPfw	3	7028.015	-4215.069	0.0	3.106686	1.019	1.019	1.019	2	255	-1	0	1999
850	BTtw	6	6656.0	3008.0	0.0	4.712389	1.018	1.018	1.018	2	100	-1	0	846
851	BTtw	9	6528.0	3008.0	0.0	4.712389	1.018	1.018	1.018	2	100	-1	0	845
852	BTtw	0	6784.0	3008.0	0.0	4.712389	1.018	1.018	1.018	2	100	-1	0	842
853	BTtw	6	6656.0	2752.0	0.0	4.712389	1.018	1.018	1.018	2	100	-1	0	841
854	BTtw	8	7040.0	2368.0	0.0	4.712389	1.018	1.018	1.018	2	100	-1	0	904
855	BTtw	5	6528.0	2752.0	0.0	4.712389	1.018	1.018	1.018	2	100	-1	0	840
856	BTtw	0	6784.0	2752.0	0.0	4.712389	1.018	1.018	1.018	2	100	-1	0	837
857	BTtw	0	6656.0	2880.0	0.0	4.712389	1.018	1.018	1.018	2	100	-1	0	836
858	BTtw	0	6528.0	2880.0	0.0	4.712389	1.018	1.018	1.018	2	100	-1	0	792
859	BTtw	0	7296.0	2368.0	0.0	4.712389	1.018	1.018	1.018	2	100	-1	0	903
860	APbs	0	-2656.0	3040.0	0.0	6.056293	1.199	1.199	1.199	2	255	-1	0	1841
861	BTtw	6	6272.0	3008.0	0.0	4.712389	1.018	1.018	1.018	2	100	-1	0	790
862	BTtw	5	6144.0	3008.0	0.0	4.712389	1.018	1.018	1.018	2	100	-1	0	787
863	BTtw	0	6400.0	3008.0	0.0	4.712389	1.018	1.018	1.018	2	100	-1	0	786
864	BTtw	5	7040.0	1216.0	0.0	4.712389	1.018	1.018	1.018	2	100	-1	0	902
865	ZPfw	3	-2936.639	-2241.552	0.0	5.061455	1.156	1.156	1.156	2	255	-1	0	1937
866	ZPfw	0	-2982.332	-2293.602	0.0	3.176499	0.873	0.873	0.873	2	255	-1	0	1938
867	ZPfw	0	6979.187	-4290.673	0.0	6.178465	0.815	0.815	0.815	2	255	-1	0	1998
868	ZPfw	0	6977.102	-4331.603	0.0	1.012291	1.125	1.125	1.125	2	255	-1	0	1997
869	ZPfw	2	7025.771	-7018.551	0.0	2.932153	1.089	1.089	1.089	2	255	-1	0	1978
870	ZPfw	3	6992.389	-4345.073	0.0	0.174533	0.848	0.848	0.848	2	255	-1	0	1996
871	ZPfw	4	7003.395	-4379.678	0.0	1.117011	1.021	1.021	1.021	2	255	-1	0	1995
872	ZPfw	3	7031.734	-7003.879	0.0	3.473205	1.036	1.036	1.036	2	255	-1	0	1979
873	ZPfw	0	6979.113	-4545.961	0.0	1.745329	0.841	0.841	0.841	2	255	-1	0	1994
874	ZPfw	0	7010.306	-5882.216	0.0	3.420845	0.939	0.939	0.939	2	255	-1	0	1993
875	BTtw	6	6272.0	2752.0	0.0	4.712389	1.018	1.018	1.018	2	100	-1	0	785
876	BTtw	5	6144.0	2752.0	0.0	4.712389	1.018	1.018	1.018	2	100	-1	0	782
877	BTtw	0	6400.0	2752.0	0.0	4.712389	1.018	1.018	1.018	2	100	-1	0	781
878	BTtw	0	6272.0	2880.0	0.0	4.712389	1.018	1.018	1.018	2	100	-1	0	780
879	BTtw	4	6144.0	2880.0	0.0	4.712389	1.018	1.018	1.018	2	100	-1	0	777
880	BTtw	0	6400.0	2880.0	0.0	4.712389	1.018	1.018	1.018	2	100	-1	0	776
881	BTtw	6	5888.0	3008.0	0.0	4.712389	1.018	1.018	1.018	2	100	-1	0	775
882	BTtw	9	5760.0	3008.0	0.0	4.712389	1.018	1.018	1.018	2	100	-1	0	772
883	BTtw	0	6016.0	3008.0	0.0	4.712389	1.018	1.018	1.018	2	100	-1	0	771
884	BTtw	6	5888.0	2752.0	0.0	4.712389	1.018	1.018	1.018	2	100	-1	0	770
885	BTtw	5	5760.0	2752.0	0.0	4.712389	1.018	1.018	1.018	2	100	-1	0	767
886	BTtw	0	6016.0	2752.0	0.0	4.712389	1.018	1.018	1.018	2	100	-1	0	766
887	BTtw	0	5888.0	2880.0	0.0	4.712389	1.018	1.018	1.018	2	100	-1	0	765
888	BTtw	0	5760.0	2880.0	0.0	4.712389	1.018	1.018	1.018	2	100	-1	0	762
889	ATtc	0	7200.0	1440.0	0.0	4.712389	0.9	0.9	0.9	2	100	-1	0	833
890	ZRrk	9	5184.0	-7488.0	-67.25	1.082104	1.054	1.054	1.054	2	255	-1	0	409
891	ZPfw	4	7020.195	-6937.03	0.0	1.169371	0.961	0.961	0.961	2	255	-1	0	1980
892	ZRrk	7	5056.0	-7488.0	-67.25	5.846853	1.145	1.145	1.145	2	255	-1	0	408
893	ZPfw	1	7017.161	-6910.743	0.0	5.096361	0.847	0.847	0.847	2	255	-1	0	1981
894	ZPfw	4	6999.001	-5873.823	0.0	4.991642	1.001	1.001	1.001	2	255	-1	0	1992
895	AOhs	0	1792.0	2752.0	0.0	5.742133	0.984	0.984	0.984	2	255	-1	0	612
896	ZRrk	1	4928.0	-7488.0	-67.25	2.460914	0.917	0.917	0.917	2	255	-1	0	404
897	APbs	0	-2464.0	3040.0	0.0	2.338741	0.875	0.875	0.875	2	255	-1	0	1840
898	ZPfw	1	6972.471	-5849.348	0.0	3.665191	0.985	0.985	0.985	2	255	-1	0	1991
899	ZPfw	2	6940.876	-5725.877	0.0	0.418879	0.975	0.975	0.975	2	255	-1	0	1990
900	BTtw	6	5504.0	3008.0	0.0	4.712389	1.018	1.018	1.018	2	100	-1	0	760
901	BTtw	5	5376.0	3008.0	0.0	4.712389	1.018	1.018	1.018	2	100	-1	0	757
902	BTtw	0	5632.0	3008.0	0.0	4.712389	1.018	1.018	1.018	2	100	-1	0	756
903	BTtw	6	5504.0	2752.0	0.0	4.712389	1.018	1.018	1.018	2	100	-1	0	755
904	BTtw	5	5376.0	2752.0	0.0	4.712389	1.018	1.018	1.018	2	100	-1	0	752
905	BTtw	0	5632.0	2752.0	0.0	4.712389	1.018	1.018	1.018	2	100	-1	0	751
906	BTtw	0	5504.0	2880.0	0.0	4.712389	1.018	1.018	1.018	2	100	-1	0	750
907	BTtw	4	5376.0	2880.0	0.0	4.712389	1.018	1.018	1.018	2	100	-1	0	747
908	BTtw	0	5632.0	2880.0	0.0	4.712389	1.018	1.018	1.018	2	100	-1	0	746
909	BTtw	6	5120.0	3008.0	0.0	4.712389	1.018	1.018	1.018	2	100	-1	0	745
910	BTtw	8	4992.0	3008.0	0.0	4.712389	1.018	1.018	1.018	2	100	-1	0	742
911	BTtw	0	5248.0	3008.0	0.0	4.712389	1.018	1.018	1.018	2	100	-1	0	741
912	BTtw	6	5120.0	2752.0	0.0	4.712389	1.018	1.018	1.018	2	100	-1	0	740
913	BTtw	5	4992.0	2752.0	0.0	4.712389	1.018	1.018	1.018	2	100	-1	0	737
914	BTtw	0	5248.0	2752.0	0.0	4.712389	1.018	1.018	1.018	2	100	-1	0	736
915	ZPfw	0	6969.052	-6885.143	0.0	3.630285	1.001	1.001	1.001	2	255	-1	0	1982
916	ZPfw	0	6943.76	-6992.607	0.0	3.892084	0.912	0.912	0.912	2	255	-1	0	1983
917	ZPsh	1	-3050.242	-836.375	0.0	1.570796	1.086	1.086	1.086	2	255	-1	0	1785
918	ZRrk	3	4800.0	-7488.0	-67.25	5.689773	0.897	0.897	0.897	2	255	-1	0	403
919	ZRrk	4	4672.0	-7488.0	-67.25	3.01942	0.823	0.823	0.823	2	255	-1	0	399
920	ZRrk	5	4544.0	-7488.0	-67.25	5.8294	1.08	1.08	1.08	2	255	-1	0	398
921	ATtc	1	480.0	2976.0	0.0	4.712389	0.957	0.957	0.957	2	100	-1	0	1666
922	APbs	0	-2400.0	2848.0	0.0	1.308997	1.105	1.105	1.105	2	255	-1	0	1839
923	ZRrk	4	4416.0	-7488.0	-67.25	2.094395	0.838	0.838	0.838	2	255	-1	0	394
924	ZRrk	1	4288.0	-7488.0	-67.25	2.86234	0.838	0.838	0.838	2	255	-1	0	393
925	YTpb	0	1184.0	-4128.0	0.0	4.712389	1.0	1.0	1.0	2	100	-1	0	1735
926	YTpb	0	1376.0	-4064.0	0.0	4.712389	1.0	1.0	1.0	2	100	-1	0	1734
927	ZPfw	4	6983.393	-5716.928	0.0	5.323254	0.994	0.994	0.994	2	255	-1	0	1989
928	BTtw	0	5120.0	2880.0	0.0	4.712389	1.018	1.018	1.018	2	100	-1	0	735
929	BTtw	0	4992.0	2880.0	0.0	4.712389	1.018	1.018	1.018	2	100	-1	0	732
930	YTpb	0	1248.0	-4128.0	0.0	4.712389	1.0	1.0	1.0	2	100	-1	0	1733
931	YTpb	0	1376.0	-4128.0	0.0	4.712389	1.0	1.0	1.0	2	100	-1	0	1732
932	ZPfw	3	7055.688	-5641.352	0.0	0.593412	0.953	0.953	0.953	2	255	-1	0	1988
933	BTtw	0	5248.0	2880.0	0.0	4.712389	1.018	1.018	1.018	2	100	-1	0	731
934	BTtw	6	4736.0	3008.0	0.0	4.712389	1.018	1.018	1.018	2	100	-1	0	730
935	YTpb	0	1696.0	-4256.0	0.0	4.712389	1.0	1.0	1.0	2	100	-1	0	1731
936	D000	2	7360.0	-5952.0	0.0	3.822271	1.075	1.075	1.075	2	255	-1	0	618
937	ZPfw	4	6938.989	-7186.181	-3.25	5.096361	0.846	0.846	0.846	2	255	-1	0	1987
938	BTtw	9	4608.0	3008.0	0.0	4.712389	1.018	1.018	1.018	2	100	-1	0	727
939	BTtw	0	4864.0	3008.0	0.0	4.712389	1.018	1.018	1.018	2	100	-1	0	726
940	ZPsh	0	7180.774	-7229.093	-3.25	4.18879	0.971	0.971	0.971	2	255	-1	0	1811
941	ZRrk	0	4160.0	-7488.0	-67.25	0.872665	0.806	0.806	0.806	2	255	-1	0	386
942	ZRrk	1	3328.0	-7488.0	-67.25	2.007129	0.927	0.927	0.927	2	255	-1	0	385
943	ZRrk	3	3200.0	-7488.0	-67.25	1.48353	1.089	1.089	1.089	2	255	-1	0	381
944	ZPfw	3	-3034.03	-4514.953	0.0	4.485496	1.106	1.106	1.106	2	255	-1	0	1947
945	ZRrk	2	3072.0	-7488.0	-67.25	5.934119	0.871	0.871	0.871	2	255	-1	0	380
946	BTtw	0	7296.0	2752.0	0.0	4.712389	1.018	1.018	1.018	2	100	-1	0	809
947	ZRrk	0	2944.0	-7488.0	-67.25	5.497787	1.103	1.103	1.103	2	255	-1	0	376
948	ZPfw	2	-3028.313	-4506.514	0.0	2.338741	0.829	0.829	0.829	2	255	-1	0	1946
949	ZPfw	2	-3036.828	-4289.85	0.0	6.056293	1.046	1.046	1.046	2	255	-1	0	1945
950	ZPfw	4	6978.768	-7166.239	-3.205	0.767945	1.134	1.134	1.134	2	255	-1	0	1986
951	APms	3	-3039.669	2343.649	0.0	5.427974	1.022	1.022	1.022	2	255	-1	0	1781
952	BTtw	6	1536.0	2752.0	0.0	4.712389	1.018	1.018	1.018	2	100	-1	0	600
953	YTpb	0	2848.0	-4128.0	0.0	4.712389	1.0	1.0	1.0	2	100	-1	0	881
954	ZRrk	7	2816.0	-7488.0	-67.25	3.351032	0.846	0.846	0.846	2	255	-1	0	375
955	ATtc	2	2848.0	2912.0	0.0	4.712389	0.985	0.985	0.985	2	100	-1	0	647
956	ATtc	2	6048.0	2848.0	0.0	4.712389	0.914	0.914	0.914	2	100	-1	0	761
957	ATtc	1	7008.0	-2784.0	0.0	4.712389	1.044	1.044	1.044	2	100	-1	0	1641
958	BTtw	6	7040.0	2752.0	0.0	4.712389	1.018	1.018	1.018	2	100	-1	0	804
959	ZRrk	1	2688.0	-7488.0	-67.25	0.994838	1.158	1.158	1.158	2	255	-1	0	371
960	BTtw	5	1408.0	2752.0	0.0	4.712389	1.018	1.018	1.018	2	100	-1	0	597
961	BTtw	0	1664.0	2752.0	0.0	4.712389	1.018	1.018	1.018	2	100	-1	0	596
962	BTtw	0	1536.0	2880.0	0.0	4.712389	1.018	1.018	1.018	2	100	-1	0	595
963	BTtw	0	1408.0	2880.0	0.0	4.712389	1.018	1.018	1.018	2	100	-1	0	592
964	BTtw	0	4096.0	2880.0	0.0	4.712389	1.018	1.018	1.018	2	100	-1	0	695
965	BTtw	0	3968.0	2880.0	0.0	4.712389	1.018	1.018	1.018	2	100	-1	0	692
966	BTtw	0	4224.0	2880.0	0.0	4.712389	1.018	1.018	1.018	2	100	-1	0	691
967	BTtw	2	7168.0	-1856.0	0.0	4.712389	1.018	1.018	1.018	2	100	-1	0	987
968	BTtw	0	7296.0	-1728.0	0.0	4.712389	1.018	1.018	1.018	2	100	-1	0	986
969	BTtw	6	3712.0	3008.0	0.0	4.712389	1.018	1.018	1.018	2	100	-1	0	690
970	BTtw	5	3584.0	3008.0	0.0	4.712389	1.018	1.018	1.018	2	100	-1	0	687
971	BTtw	0	3840.0	3008.0	0.0	4.712389	1.018	1.018	1.018	2	100	-1	0	686
972	BTtw	0	7040.0	-1088.0	0.0	4.712389	1.082	1.082	1.082	2	100	-1	0	985
973	BTtw	0	7040.0	-1728.0	0.0	4.712389	1.018	1.018	1.018	2	100	-1	0	984
974	BTtw	0	1664.0	2880.0	0.0	4.712389	1.018	1.018	1.018	2	100	-1	0	591
975	ZRrk	6	2304.0	-7488.0	-67.25	6.126106	1.025	1.025	1.025	2	255	-1	0	370
976	ZRrk	6	2112.0	-7488.0	-67.25	2.687807	1.007	1.007	1.007	2	255	-1	0	369
977	ZRrk	5	1984.0	-7488.0	-67.25	5.637414	1.012	1.012	1.012	2	255	-1	0	368
978	ZRrk	8	1856.0	-7488.0	-67.25	1.169371	0.857	0.857	0.857	2	255	-1	0	367
979	ZRrk	8	1728.0	-7488.0	-67.25	3.996804	1.087	1.087	1.087	2	255	-1	0	349
980	ZRrk	0	1600.0	-7488.0	-67.25	0.715585	0.83	0.83	0.83	2	255	-1	0	348
981	ZRrk	2	1472.0	-7488.0	-67.25	4.764749	1.007	1.007	1.007	2	255	-1	0	347
982	ZRrk	7	1344.0	-7488.0	-67.25	4.310963	1.054	1.054	1.054	2	255	-1	0	344
983	ZRrk	9	1216.0	-7488.0	-67.25	3.560472	1.148	1.148	1.148	2	255	-1	0	343
984	ZRrk	3	1024.0	-7488.0	-67.25	0.959931	0.868	0.868	0.868	2	255	-1	0	342
985	ZRrk	0	640.0	-7488.0	-67.25	3.804818	1.198	1.198	1.198	2	255	-1	0	341
986	ZRrk	9	512.0	-7488.0	-67.25	3.874631	1.071	1.071	1.071	2	255	-1	0	340
987	ZRrk	8	384.0	-7488.0	-67.25	1.989675	0.969	0.969	0.969	2	255	-1	0	324
988	ZRrk	4	256.0	-7488.0	-67.25	4.939282	0.998	0.998	0.998	2	255	-1	0	323
989	ZRrk	3	128.0	-7488.0	-67.25	5.131268	1.009	1.009	1.009	2	255	-1	0	322
990	ZPfw	1	-3026.692	-4299.859	0.0	5.253441	0.998	0.998	0.998	2	255	-1	0	1944
991	ZRrk	9	0.0	-7488.0	-67.25	5.864306	1.042	1.042	1.042	2	255	-1	0	321
992	ZRrk	8	-128.0	-7488.0	-67.25	2.617994	0.818	0.818	0.818	2	255	-1	0	320
993	ZRrk	0	-512.0	-7488.0	-67.25	1.27409	1.046	1.046	1.046	2	255	-1	0	319
994	ZPfw	2	-2990.479	-4312.984	0.0	0.436332	0.939	0.939	0.939	2	255	-1	0	1943
995	ZRrk	0	-640.0	-7488.0	-67.25	0.767945	1.022	1.022	1.022	2	255	-1	0	318
996	ZRrk	5	-832.0	-7488.0	-67.25	1.012291	1.158	1.158	1.158	2	255	-1	0	317
997	ZRrk	5	-960.0	-7488.0	-67.25	3.438299	1.082	1.082	1.082	2	255	-1	0	316
998	ZRrk	3	-1088.0	-7488.0	-67.25	3.543018	1.045	1.045	1.045	2	255	-1	0	315
999	ZRrk	8	-1216.0	-7488.0	-67.25	2.722714	1.112	1.112	1.112	2	255	-1	0	299
1000	ZRrk	7	-1664.0	-7488.0	-77.0	2.234021	1.166	1.166	1.166	2	255	-1	0	298
1001	ZRrk	1	-1792.0	-7488.0	-73.75	3.682645	0.974	0.974	0.974	2	255	-1	0	297
1002	ZRrk	6	-1920.0	-7488.0	-83.5	3.089233	0.963	0.963	0.963	2	255	-1	0	296
1003	ZRrk	2	-2304.0	-7488.0	-77.0	0.523599	0.836	0.836	0.836	2	255	-1	0	295
1004	ZRrk	7	-2432.0	-7488.0	-70.5	1.256637	0.961	0.961	0.961	2	255	-1	0	294
1005	ZRrk	6	-2560.0	-7488.0	-67.25	1.082104	1.123	1.123	1.123	2	255	-1	0	293
1006	ZRrk	5	-2496.0	-7552.0	-134.5	3.525565	1.125	1.125	1.125	2	255	-1	0	292
1007	ZRrk	4	-2816.0	-7616.0	-89.75	4.817109	0.863	0.863	0.863	2	255	-1	0	291
1008	ZWsw	2	6954.724	-7642.25	-92.85	4.049164	1.993	1.993	1.993	2	255	-1	0	290
1009	ZWsw	2	6835.577	-7537.442	-92.85	0.802851	1.596	1.596	1.596	2	255	-1	0	274
1010	ZWsw	3	6808.231	-7541.413	-92.85	3.193953	1.899	1.899	1.899	2	255	-1	0	273
1011	ZWsw	2	6393.351	-7571.032	-92.85	4.607669	1.598	1.598	1.598	2	255	-1	0	272
1012	ZPfw	0	7012.948	-7141.151	-2.568	4.834562	1.009	1.009	1.009	2	255	-1	0	1985
1013	ZWsw	0	6314.245	-7562.841	-92.85	1.850049	1.965	1.965	1.965	2	255	-1	0	271
1014	BTtw	0	7552.0	-1024.0	0.0	4.712389	0.984	0.984	0.984	2	100	-1	0	817
1015	APms	1	2028.192	-891.352	0.0	5.986479	1.016	1.016	1.016	2	255	-1	0	2638
1016	ZWsw	0	5852.167	-7623.332	-92.85	1.012291	1.507	1.507	1.507	2	255	-1	0	268
1017	ZWsw	1	5815.643	-7646.832	-92.85	5.358161	1.641	1.641	1.641	2	255	-1	0	267
1018	ZWsw	4	4919.947	-7601.718	-92.85	1.27409	1.618	1.618	1.618	2	255	-1	0	266
1019	ZWsw	3	3675.233	-7630.261	-92.85	3.228859	1.938	1.938	1.938	2	255	-1	0	265
1020	ZWsw	2	2593.044	-7614.809	-92.85	3.211406	1.727	1.727	1.727	2	255	-1	0	249
1021	ZWsw	1	983.088	-7658.816	-92.85	4.852015	1.524	1.524	1.524	2	255	-1	0	248
1022	ZWsw	4	-225.336	-7605.04	-92.85	4.18879	1.855	1.855	1.855	2	255	-1	0	247
1023	BTtw	0	7552.0	-1152.0	0.0	4.712389	1.018	1.018	1.018	2	100	-1	0	816
1024	ZWsw	3	-1453.845	-7642.984	-92.85	3.193953	1.845	1.845	1.845	2	255	-1	0	245
1025	ZWsw	2	-1348.661	-7631.379	-92.85	1.727876	1.995	1.995	1.995	2	255	-1	0	244
1026	BTtw	6	7424.0	-1152.0	0.0	4.712389	1.018	1.018	1.018	2	100	-1	0	815
1027	ZWsw	2	-2270.474	-7563.711	-92.85	1.413717	1.848	1.848	1.848	2	255	-1	0	242
1028	ZWsw	4	-2699.274	-7561.715	-92.85	3.682645	1.581	1.581	1.581	2	255	-1	0	241
1029	BTtw	7	7424.0	-1024.0	0.0	4.712389	1.191	1.191	1.191	2	100	-1	0	814
1030	ZWsf	0	1581.882	-7663.653	-184.242	2.80998	0.865	0.865	0.865	2	255	-1	0	224
1031	BTtw	0	7552.0	-1280.0	0.0	4.712389	1.018	1.018	1.018	2	100	-1	0	813
1032	APms	1	6977.438	-7357.297	-3.25	0.10472	0.81	0.81	0.81	2	255	-1	0	2579
1033	IWbg	0	6945.065	-7673.847	-92.85	0.244346	0.967	0.967	0.967	2	255	-1	0	221
1034	BTtw	0	7552.0	-2432.0	0.0	4.712389	0.984	0.984	0.984	2	100	-1	0	812
1035	BTtw	7	7424.0	-2432.0	0.0	4.712389	1.191	1.191	1.191	2	100	-1	0	811
1036	IWbg	0	5704.736	-7662.337	-92.85	0.802851	1.153	1.153	1.153	2	255	-1	0	218
1037	BTtw	7	7424.0	-2176.0	0.0	4.712389	1.191	1.191	1.191	2	100	-1	0	810
1038	APms	3	-2920.567	-7304.848	103.789	5.8294	1.157	1.157	1.157	2	255	-1	0	2619
1039	BTtw	0	7552.0	-1536.0	0.0	4.712389	1.018	1.018	1.018	2	100	-1	0	794
1040	IWbg	0	1657.717	-7655.557	-92.85	5.096361	1.101	1.101	1.101	2	255	-1	0	199
1041	LOsc	0	2180.177	-967.512	0.0	1.570796	1.07	1.07	1.07	2	255	-1	0	2633
1042	IWbg	0	-1217.885	-7660.828	-92.85	3.630285	1.026	1.026	1.026	2	255	-1	0	197
1043	AWfs	0	-2546.158	-7679.038	-174.394	5.986479	0.982	0.982	0.982	2	255	-1	0	196
1044	AWfs	0	-2544.86	-7665.51	-169.817	4.886922	0.822	0.822	0.822	2	255	-1	0	195
1045	AWfs	0	-2515.404	-7627.533	-156.8	2.565634	1.192	1.192	1.192	2	255	-1	0	194
1046	AWfs	0	-2471.273	-7602.673	-149.5	0.680678	0.975	0.975	0.975	2	255	-1	0	193
1047	AWfs	0	-2437.447	-7622.785	-154.664	4.415683	0.838	0.838	0.838	2	255	-1	0	192
1048	AWfs	0	-2411.377	-7659.871	-167.008	0.698132	1.012	1.012	1.012	2	255	-1	0	191
1049	AWfs	0	-1012.325	-7619.476	-163.275	1.762783	1.051	1.051	1.051	2	255	-1	0	190
1050	APms	3	2026.034	-884.453	0.0	1.675516	0.893	0.893	0.893	2	255	-1	0	2637
1051	AWfs	0	358.818	-7654.482	-179.889	0.069813	0.842	0.842	0.842	2	255	-1	0	173
1052	AWfs	0	1359.513	-7661.037	-183.0	5.061455	0.903	0.903	0.903	2	255	-1	0	172
1053	AWfs	0	1686.046	-7638.899	-172.493	3.01942	1.119	1.119	1.119	2	255	-1	0	171
1054	AWfs	0	2856.965	-7611.027	-159.265	2.670354	0.854	0.854	0.854	2	255	-1	0	170
1055	BTtw	0	7424.0	-1536.0	0.0	4.712389	1.018	1.018	1.018	2	100	-1	0	793
1056	AWfs	0	4451.923	-7607.151	-157.425	6.265732	1.019	1.019	1.019	2	255	-1	0	168
1057	ZWcl	8	7296.0	-7520.0	-131.25	4.712389	1.167	1.167	1.167	2	255	-1	0	167
1058	ZWcl	8	7296.0	-7648.0	-162.188	4.712389	0.816	0.816	0.816	2	255	-1	0	144
1059	ZWcl	2	7040.0	-7584.0	-142.5	4.712389	0.969	0.969	0.969	2	255	-1	0	143
1060	ZWcl	2	4800.0	-7648.0	-176.812	4.712389	1.039	1.039	1.039	2	255	-1	0	149
1061	BTtw	0	7552.0	-1664.0	0.0	4.712389	1.018	1.018	1.018	2	100	-1	0	789
1062	ZWcl	7	2496.0	-7584.0	-144.938	4.712389	1.087	1.087	1.087	2	255	-1	0	147
1063	ZWcl	1	832.0	-7584.0	-146.438	4.712389	0.956	0.956	0.956	2	255	-1	0	146
1064	ZRrk	7	-2816.0	-7552.0	-3.25	4.729842	1.189	1.189	1.189	2	255	-1	0	148
1065	ZWcl	4	-1408.0	-7584.0	-143.25	4.712389	0.942	0.942	0.942	2	255	-1	0	140
1066	BTtw	6	7424.0	-1664.0	0.0	4.712389	1.018	1.018	1.018	2	100	-1	0	788
1067	ZRrs	6	3648.0	-7616.0	-161.625	3.141593	0.809	0.809	0.809	2	255	-1	0	142
1068	BTtw	0	7552.0	-1792.0	0.0	4.712389	1.018	1.018	1.018	2	100	-1	0	784
1069	ZWcl	9	6784.0	-7584.0	-141.25	4.712389	0.8	0.8	1.2	2	255	-1	0	166
1070	ZWcl	3	6080.0	-7648.0	-157.969	4.712389	1.19	1.19	1.19	2	255	-1	0	165
1071	ZPvp	1	6688.0	2720.0	0.0	0.366519	0.851	0.851	0.851	2	255	-1	0	118
1072	AObd	0	860.154	-4424.744	0.0	2.740167	0.971	0.971	0.971	2	255	-1	0	141
1073	ZPvp	2	7008.0	2720.0	0.0	2.042035	0.914	0.914	0.914	2	255	-1	0	114
1074	ZPvp	3	6944.0	2720.0	0.0	2.129302	1.013	1.013	1.013	2	255	-1	0	108
1075	BTtw	0	7424.0	-1792.0	0.0	4.712389	1.018	1.018	1.018	2	100	-1	0	783
1076	BTtw	0	7552.0	-1920.0	0.0	4.712389	1.018	1.018	1.018	2	100	-1	0	779
1077	BTtw	8	7424.0	-1920.0	0.0	4.712389	1.018	1.018	1.018	2	100	-1	0	778
1078	BTtw	0	-3008.0	-6976.0	0.0	4.712389	1.018	1.018	1.018	2	100	-1	0	1590
1079	BTtw	0	7552.0	-2048.0	0.0	4.712389	1.018	1.018	1.018	2	100	-1	0	774
1080	BTtw	4	7424.0	-2048.0	0.0	4.712389	1.018	1.018	1.018	2	100	-1	0	773
1081	APbs	0	7072.0	3040.0	0.0	6.213372	1.176	1.176	1.176	2	255	-1	0	1838
1082	BTtw	0	7552.0	-2176.0	0.0	4.712389	0.984	0.984	0.984	2	100	-1	0	769
1083	BTtw	0	7552.0	-2304.0	0.0	4.712389	1.018	1.018	1.018	2	100	-1	0	768
1084	BTtw	6	7424.0	-2304.0	0.0	4.712389	1.018	1.018	1.018	2	100	-1	0	764
1085	BTtw	0	7552.0	-3456.0	0.0	4.712389	0.984	0.984	0.984	2	100	-1	0	763
1086	ZPfw	0	-2967.964	-4355.605	0.0	3.455752	0.921	0.921	0.921	2	255	-1	0	1942
1087	BTtw	7	7424.0	-3456.0	0.0	4.712389	1.191	1.191	1.191	2	100	-1	0	759
1088	APbs	0	7136.0	3040.0	0.0	5.358161	0.917	0.917	0.917	2	255	-1	0	1837
1089	BTtw	7	7424.0	-3200.0	0.0	4.712389	1.191	1.191	1.191	2	100	-1	0	758
1090	ATtc	0	7136.0	-5856.0	0.0	4.712389	1.066	1.066	1.066	2	100	-1	0	1739
1091	BTtw	0	7552.0	-2560.0	0.0	4.712389	1.018	1.018	1.018	2	100	-1	0	754
1092	APbs	0	7200.0	2848.0	0.0	2.129302	1.105	1.105	1.105	2	255	-1	0	1836
1093	BTtw	0	7424.0	-2560.0	0.0	4.712389	1.018	1.018	1.018	2	100	-1	0	753
1094	BTtw	0	7552.0	-2688.0	0.0	4.712389	1.018	1.018	1.018	2	100	-1	0	749
1095	BTtw	6	7424.0	-2688.0	0.0	4.712389	1.018	1.018	1.018	2	100	-1	0	748
1096	BTtw	0	7552.0	-2816.0	0.0	4.712389	1.018	1.018	1.018	2	100	-1	0	744
1097	BTtw	0	7424.0	-2816.0	0.0	4.712389	1.018	1.018	1.018	2	100	-1	0	743
1098	BTtw	0	7552.0	-2944.0	0.0	4.712389	1.018	1.018	1.018	2	100	-1	0	739
1099	BTtw	8	7424.0	-2944.0	0.0	4.712389	1.018	1.018	1.018	2	100	-1	0	738
1100	BTtw	0	7552.0	-3072.0	0.0	4.712389	1.018	1.018	1.018	2	100	-1	0	734
1101	APbs	0	7072.0	2848.0	0.0	4.782202	1.131	1.131	1.131	2	255	-1	0	1835
1102	BTtw	4	7424.0	-3072.0	0.0	4.712389	1.018	1.018	1.018	2	100	-1	0	733
1103	BTtw	0	7552.0	-3200.0	0.0	4.712389	0.984	0.984	0.984	2	100	-1	0	729
1104	BTtw	0	7552.0	-3328.0	0.0	4.712389	1.018	1.018	1.018	2	100	-1	0	728
1105	BTtw	6	7424.0	-3328.0	0.0	4.712389	1.018	1.018	1.018	2	100	-1	0	724
1106	BTtw	0	7552.0	-4480.0	0.0	4.712389	0.984	0.984	0.984	2	100	-1	0	723
1107	BTtw	7	7424.0	-4480.0	0.0	4.712389	1.191	1.191	1.191	2	100	-1	0	719
1108	BTtw	7	7424.0	-4224.0	0.0	4.712389	1.191	1.191	1.191	2	100	-1	0	718
1109	LWw0	0	-2937.524	-7614.245	114.018	6.163808	1.5	1.5	1.5	2	255	-1	0	106
1110	BTtw	0	7552.0	-3584.0	0.0	4.712389	1.018	1.018	1.018	2	100	-1	0	714
1111	BTtw	0	7424.0	-3584.0	0.0	4.712389	1.018	1.018	1.018	2	100	-1	0	713
1112	BTtw	0	7552.0	-3712.0	0.0	4.712389	1.018	1.018	1.018	2	100	-1	0	709
1113	LWw0	0	-2998.672	-7617.506	234.094	0.154481	1.5	1.5	1.5	2	255	-1	0	101
1114	BTtw	6	7424.0	-3712.0	0.0	4.712389	1.018	1.018	1.018	2	100	-1	0	708
1115	BTtw	0	7552.0	-3840.0	0.0	4.712389	1.018	1.018	1.018	2	100	-1	0	704
1116	BTtw	0	7424.0	-3840.0	0.0	4.712389	1.018	1.018	1.018	2	100	-1	0	703
1117	BTtw	0	7552.0	-3968.0	0.0	4.712389	1.018	1.018	1.018	2	100	-1	0	699
1118	BTtw	8	7424.0	-3968.0	0.0	4.712389	1.018	1.018	1.018	2	100	-1	0	698
1119	BTtw	0	7552.0	-4096.0	0.0	4.712389	1.018	1.018	1.018	2	100	-1	0	694
1120	BTtw	4	7424.0	-4096.0	0.0	4.712389	1.018	1.018	1.018	2	100	-1	0	693
1121	BTtw	0	7552.0	-4224.0	0.0	4.712389	0.984	0.984	0.984	2	100	-1	0	689
1122	BTtw	0	7552.0	-4352.0	0.0	4.712389	1.018	1.018	1.018	2	100	-1	0	688
1123	BTtw	6	7424.0	-4352.0	0.0	4.712389	1.018	1.018	1.018	2	100	-1	0	684
1124	BTtw	6	7424.0	-5824.0	0.0	4.712389	1.018	1.018	1.018	2	100	-1	0	628
1125	BTtw	7	7424.0	-5568.0	0.0	4.712389	1.191	1.191	1.191	2	100	-1	0	679
1126	BTtw	7	7424.0	-5312.0	0.0	4.712389	1.191	1.191	1.191	2	100	-1	0	678
1127	BTtw	0	7552.0	-4672.0	0.0	4.712389	1.018	1.018	1.018	2	100	-1	0	674
1128	BTtw	0	7424.0	-4672.0	0.0	4.712389	1.018	1.018	1.018	2	100	-1	0	673
1129	BTtw	0	7552.0	-4800.0	0.0	4.712389	1.018	1.018	1.018	2	100	-1	0	669
1130	BTtw	6	7424.0	-4800.0	0.0	4.712389	1.018	1.018	1.018	2	100	-1	0	668
1131	BTtw	0	7552.0	-4928.0	0.0	4.712389	1.018	1.018	1.018	2	100	-1	0	664
1132	BTtw	0	7424.0	-4928.0	0.0	4.712389	1.018	1.018	1.018	2	100	-1	0	663
1133	BTtw	0	7552.0	-5056.0	0.0	4.712389	1.018	1.018	1.018	2	100	-1	0	659
1134	BTtw	8	7424.0	-5056.0	0.0	4.712389	1.018	1.018	1.018	2	100	-1	0	658
1135	BTtw	0	7552.0	-5184.0	0.0	4.712389	1.018	1.018	1.018	2	100	-1	0	654
1136	BTtw	4	7424.0	-5184.0	0.0	4.712389	1.018	1.018	1.018	2	100	-1	0	653
1137	BTtw	0	7552.0	-5312.0	0.0	4.712389	0.984	0.984	0.984	2	100	-1	0	649
1138	BTtw	0	7552.0	-5440.0	0.0	4.712389	1.018	1.018	1.018	2	100	-1	0	648
1139	BTtw	6	7424.0	-5440.0	0.0	4.712389	1.018	1.018	1.018	2	100	-1	0	644
1140	BTtw	0	7552.0	-6592.0	0.0	4.712389	0.984	0.984	0.984	2	100	-1	0	643
1141	BTtw	7	7424.0	-6592.0	0.0	4.712389	1.191	1.191	1.191	2	100	-1	0	639
1142	APbs	0	6944.0	3040.0	0.0	5.393067	0.976	0.976	0.976	2	255	-1	0	1834
1143	BTtw	4	7424.0	-7232.0	-3.25	4.712389	1.018	1.018	1.018	2	100	-1	0	573
1144	BTtw	0	7552.0	-7232.0	-3.25	4.712389	1.018	1.018	1.018	2	100	-1	0	574
1145	BTtw	8	7424.0	-7104.0	-1.625	4.712389	1.018	1.018	1.018	2	100	-1	0	578
1146	BTtw	0	7552.0	-7104.0	-1.625	4.712389	1.018	1.018	1.018	2	100	-1	0	579
1147	BTtw	0	7424.0	-6976.0	0.0	4.712389	1.018	1.018	1.018	2	100	-1	0	583
1148	BTtw	0	7552.0	-6976.0	0.0	4.712389	1.018	1.018	1.018	2	100	-1	0	584
1149	BTtw	6	7424.0	-6848.0	0.0	4.712389	1.018	1.018	1.018	2	100	-1	0	588
1150	BTtw	0	7552.0	-6848.0	0.0	4.712389	1.018	1.018	1.018	2	100	-1	0	589
1151	BTtw	0	7424.0	-6720.0	0.0	4.712389	1.018	1.018	1.018	2	100	-1	0	593
1152	BTtw	0	7552.0	-6720.0	0.0	4.712389	1.018	1.018	1.018	2	100	-1	0	594
1153	D000	6	7168.0	2944.0	0.0	5.637414	1.084	1.084	1.084	2	255	-1	0	850
1154	BTtw	0	-3008.0	-6848.0	0.0	4.712389	1.018	1.018	1.018	2	100	-1	0	1618
1155	BTtw	0	7424.0	-5696.0	0.0	4.712389	1.018	1.018	1.018	2	100	-1	0	633
1156	D000	7	7168.0	2752.0	0.0	2.775074	0.964	0.964	0.964	2	255	-1	0	799
1157	BTtw	6	7424.0	-6464.0	0.0	4.712389	1.018	1.018	1.018	2	100	-1	0	604
1158	BTtw	4	7424.0	2816.0	0.0	4.712389	1.018	1.018	1.018	2	100	-1	0	936
1159	BTtw	0	7552.0	2816.0	0.0	4.712389	1.018	1.018	1.018	2	100	-1	0	935
1160	BTtw	0	7552.0	2432.0	0.0	4.712389	1.018	1.018	1.018	2	100	-1	0	924
1161	BTtw	0	7424.0	2432.0	0.0	4.712389	1.018	1.018	1.018	2	100	-1	0	923
